0,191.65,95.382,72.527,4.147,282.76,0,0
168.26,283.97,99.516,86.288,4.123,132.26,1.6877,2.8749
179.71,357.17,99.274,84.209,3.97,151.85,1.9875,2.4249
0,204.16,95.311,84.614,3.728,205,0,0
0,195.63,89.905,79.352,3.464,210.26,0,0
195.1,385.89,85.854,74.831,3.478,205,1.9779,2.8034
196.43,348.52,77.414,66.99,3.764,186.36,1.7743,2.2681
177.01,374.01,76.972,72.856,3.829,410,2.1129,3.3617
149.31,309.63,75.673,74.533,3.679,282.76,2.0737,3.6386
161.56,299.67,59.379,74.22,3.765,205,1.8548,3.3547
205.8,260.99,30.718,73.05,3.91,160.78,1.2682,2.4099
131.32,211.2,28.283,64.497,4.068,745.45,1.6083,3.4891
135.3,202.35,54.354,69.102,4.639,683.33,1.4956,3.0013
126.61,207,67.403,56.992,5.359,264.52,1.6349,3.7907
130.18,205.39,67.28,47.781,6.63,683.33,1.5777,2.8346
160.38,224.52,75.078,39.522,7.847,745.45,1.4,3.3466
0,132.89,66.076,39.004,7.501,195.24,0,0
0,150.75,66.174,38.885,6.445,410,0,0
146.64,197.5,65.785,38.755,6.479,170.83,1.3468,2.982
0,145.44,65.606,39.331,6.779,683.33,0,0
105.83,258.21,68.381,44.079,5.776,683.33,2.4399,4.6371
132.83,208.7,66.455,43.996,4.623,745.45,1.5712,2.6597
129.35,191.85,59.496,38.022,4.508,264.52,1.4831,3.0615
123.29,217.41,45.532,32.596,5.717,683.33,1.7634,3.094
162.45,256.28,58.247,39.581,6.464,683.33,1.5776,2.3379
139.01,223.22,45.121,33.897,5.749,200,1.6058,2.5709
150.53,224.71,44.838,34.202,5.079,683.33,1.4929,2.4419
121.54,202.24,58.848,42.215,4.957,683.33,1.664,3.5191
0,141.28,60.046,41.774,4.876,683.33,0,0
139.06,235.94,69.226,48.506,4.628,683.33,1.6967,3.1691
124.61,260.37,67.179,46.577,4.185,273.33,2.0895,2.976
0,138.34,71.622,47.639,4.039,205,0,0
150.73,210.97,68.949,46.439,4.515,118.84,1.3996,2.3769
0,132.1,70.572,49.262,5.623,683.33,0,0
138.74,238.17,65.389,45.815,6.585,273.33,1.7166,2.9642
0,157.92,64.635,59.348,6.343,200,0,0
119.15,195.4,64.923,58.197,5.509,683.33,1.6399,4.544
141.47,243.44,58.263,52.383,5.389,210.26,1.7208,2.6754
124.01,219.77,65.218,54.304,5.459,115.49,1.7722,3.3487
128.13,324.32,56.884,45.852,5.245,683.33,2.5312,2.6115
129.53,245.79,64.508,51.209,5.763,410,1.8976,2.9635
153.67,223.18,57.467,47.481,6.749,167.35,1.4524,2.1579
0,173.85,57.443,46.535,7.507,630.77,0,0
128.54,214.6,57.789,46.832,7.342,410,1.6694,3.4795
0,148.14,59.286,46.83,6.008,683.33,0,0
147.04,238.05,59.39,31.801,5.493,273.33,1.6189,4.1287
118.04,220.43,62.879,32.777,5.746,264.52,1.8674,3.1052
146.38,249.39,62.266,32.736,5.471,186.36,1.7037,3.8303
151.4,219.91,47.632,29.467,4.307,410,1.4525,3.512
131.01,227.96,47.657,29.318,3.467,410,1.74,3.0946
177.09,254.26,15.778,13.415,3.797,210.26,1.4358,2.6339
143.44,220.89,16.412,16.588,4.784,683.33,1.54,3.1879
133.71,236.96,15.268,17.556,5.283,130.16,1.7722,3.3792
132.57,224.53,15.385,22.699,4.842,264.52,1.6937,3.2947
137.26,214.63,18.36,26.604,4.234,195.24,1.5637,2.3172
125.77,197.97,18.022,27.799,4.264,410,1.574,3.8465
127.41,246.86,13.909,30.872,4.177,292.86,1.9375,3.6863
148.74,277.77,45.962,35.186,3.767,683.33,1.8675,3.416
173.45,279.48,46.337,42.673,3.747,205,1.6113,2.3548
136.93,267.15,60.886,52.6,3.988,745.45,1.951,2.6705
131.66,196.12,63.543,52.299,3.866,210.26,1.4895,2.4719
0,181.9,64.774,50.802,3.511,683.33,0,0
144.87,308.34,65.237,50.967,3.54,205,2.1284,3.3252
0,142.48,74.508,55.941,3.733,210.26,0,0
173.55,238.3,71.609,52.077,3.913,683.33,1.3731,2.498
156.32,232.38,77.137,52.867,4.329,683.33,1.4866,3.1079
144.52,219.09,80.156,53.214,4.239,200,1.5159,3.3327
0,142.01,77.199,53.03,3.686,200,0,0
135.51,223.6,79.066,42.481,3.56,215.79,1.65,3.6394
0,144.78,75.591,40.119,3.906,215.79,0,0
0,224.25,72.911,38.438,3.995,112.33,0,0
132.65,230.82,69.599,39.117,3.82,630.77,1.7401,3.7173
0,158.3,74,50.79,3.697,630.77,0,0
120.35,240.66,74,47.234,3.631,683.33,1.9996,4.2904
150.23,205.56,74.094,47.161,3.796,200,1.3684,3.1481
117.68,239.47,72.276,41.52,3.961,200,2.035,3.8578
179.92,305.07,72.276,47.028,3.729,630.77,1.6956,2.2281
0,169.49,74.332,52.357,3.563,205,0,0
136.7,219.52,66.263,53.782,3.622,167.35,1.6058,3.778
170.52,251.07,66.292,62.248,3.64,273.33,1.4724,2.4159
0,154.6,67.782,60.513,3.305,160.78,0,0
162.57,290.25,68.203,60.388,2.962,356.52,1.7854,3.1892
159.56,312.76,65.382,57.544,3.098,210.26,1.9601,3.2864
113.5,337.78,50.39,55.569,3.565,205,2.9761,4.1609
172.14,240.99,50.358,55.098,3.831,264.52,1.3999,2.5304
145.91,246.68,48.361,59.72,3.685,205,1.6906,3.5636
126.91,242.99,19.672,48.985,3.175,282.76,1.9147,4.4238
124.16,183.7,18.987,48.808,2.819,282.76,1.4796,3.9745
128.3,273.16,17.959,53.559,3.341,292.86,2.129,3.239
130.37,326.55,16.766,51.007,4.754,210.26,2.5048,3.6075
126.64,320.63,43.45,60.518,6.312,683.33,2.5318,3.1097
115.87,281.27,56.21,65.022,6.211,157.69,2.4273,4.2325
151.68,192.18,59.393,67.884,-200,167.35,1.2671,3.3455
144.83,193.67,63.401,66.335,4.005,683.33,1.3372,3.5014
0,147.7,63.625,65.73,3.832,205,0,0
0,164.73,67.066,59.227,4.086,227.78,0,0
167.84,294.25,67.043,51.525,4.067,745.45,1.7531,3.3239
179.44,282.93,67.378,49.795,3.691,630.77,1.5767,2.3578
135.76,245.1,67.486,49.298,3.522,745.45,1.8053,3.1445
182.7,246.07,67.16,47.879,3.519,745.45,1.3468,1.4072
115.86,239.21,51.979,40.273,3.385,683.33,2.0647,4.9348
141.38,263.57,51.979,41.395,3.223,745.45,1.8642,3.5418
153.81,199.19,51.089,37.523,3.372,164,1.2951,2.2841
133.67,224.65,48.565,35.858,3.798,200,1.6806,2.8238
135.86,197.45,48.607,35.51,4.542,106.49,1.4533,3.8441
0,159.13,45.532,38.337,5.393,264.52,0,0
152.02,264.02,46.129,38.454,5.198,683.33,1.7367,3.0815
139.79,270.8,46.334,36.672,3.993,174.47,1.9372,3.0584
138.11,229.72,60.868,41.561,3.11,115.49,1.6633,3.8984
148.35,276.83,61.292,41.562,2.9,683.33,1.8661,3.1554
152.92,219.62,61.076,40.58,2.917,190.7,1.4362,3.0642
147.28,230.24,45.777,34.058,-200,683.33,1.5633,3.3959
0,161.05,44.968,32.602,3.596,630.77,0,0
143.64,221.58,44.905,55.981,3.91,683.33,1.5426,2.7433
128.81,224.27,47.458,57.547,3.672,210.26,1.741,2.4468
125.36,208.48,47.033,57.852,2.911,154.72,1.6631,3.1637
124.3,206.86,45.933,57.709,2.642,745.45,1.6641,3.4349
108.42,372.51,45.457,58.315,2.678,683.33,3.436,4.7582
171.76,278.3,19.57,51.479,-200,683.33,1.6202,2.82
138.83,280.93,19.436,51.874,2.566,745.45,2.0236,3.5695
120.74,261.85,23.498,52.875,2.739,190.7,2.1687,3.5045
138.57,215.26,48.21,65.55,2.73,273.33,1.5534,3.2194
164.31,223.83,48.336,64.507,2.825,745.45,1.3622,2.8089
139.01,215.55,48.262,50.464,3.298,683.33,1.5506,3.4709
94.288,293.82,47.442,50.958,4.05,200,3.1162,5.38
0,127.69,53.424,49.039,4.552,282.76,0,0
131.56,225.75,53.996,48.267,4.368,200,1.716,2.9551
111.36,286.1,54.005,49.121,3.665,210.26,2.5692,3.6837
164.31,283.94,56.517,57.347,-200,210.26,1.7281,3.1811
198.6,235.32,56.756,59.367,2.278,273.33,1.1849,2.4704
152.44,238.2,55.336,59.013,2.147,167.35,1.5626,3.0151
117.83,272.63,55.336,60.254,2.517,256.25,2.3138,4.0877
190.06,337.46,70.101,66.28,2.754,683.33,1.7756,2.8937
148.22,318.63,80.195,76.054,2.863,630.77,2.1498,3.327
142.7,229.52,84.85,76.381,3.101,745.45,1.6084,3.3722
0,122.58,81.061,79.485,3.163,170.83,0,0
0,165.09,79.219,78.992,3.318,167.35,0,0
0,119.86,89.002,78.42,3.5,264.52,0,0
0,165.04,79.811,64.199,3.497,210.26,0,0
0,147.28,79.95,48.69,3.232,205,0,0
0,199.2,86.51,59.227,2.976,195.24,0,0
196.98,266.1,86.51,54.087,3.2,182.22,1.3509,2.6559
0,219.15,86.51,53.476,3.417,390.48,0,0
149.21,217.43,98.34,46.704,-200,200,1.4572,3.396
186.06,297.68,101.16,46.234,-200,164,1.5999,2.6597
0,188.87,99.997,44.631,3.777,273.33,0,0
0,175.34,99.997,44.416,3.595,282.76,0,0
218.41,241.09,96.4,43.264,3.104,195.24,1.1039,1.8976
195.57,264.38,96.4,48.104,-200,282.76,1.3519,2.6932
198.5,303.21,95.544,63.677,-200,315.38,1.5275,2.4651
0,201.54,92.849,60.797,3.088,157.69,0,0
141.89,233.17,86.682,61.94,-200,109.33,1.6433,3.7929
0,167.29,76.016,61.446,2.944,160.78,0,0
123.43,362.85,79.821,68.409,-200,683.33,2.9398,3.4251
150.06,231.65,80.616,71.526,3.033,186.36,1.5437,3.2049
158.61,307.51,74.621,69.288,-200,205,1.9388,2.2449
136.92,334.77,68.614,67.82,3.633,745.45,2.445,3.6892
0,168.72,69.999,67.679,3.917,745.45,0,0
0,190.26,60.627,66.223,-200,167.35,0,0
149.54,226.01,61.626,65.433,4.8,178.26,1.5114,3.3588
118.77,240.06,73.037,64.838,5.626,282.76,2.0212,4.1591
158.66,243.25,80.932,69.915,5.316,273.33,1.5332,2.7875
108.54,333.19,86.485,64.944,-200,115.49,3.0697,4.4323
146.83,358.02,86.485,67.797,-200,205,2.4384,4.0847
239.35,245.31,81.351,66.211,-200,683.33,1.0249,1.6203
0,164.55,80.364,66.642,7.908,683.33,0,0
0,195.42,80.352,66.835,11.779,683.33,0,0
0,146.76,78.321,67.757,14.538,683.33,0,0
145.66,222.85,84.367,57.347,15.994,205,1.5299,3.4911
127.76,211.66,88.532,36.956,16.634,160.78,1.6567,3.7954
118.19,219.06,77.763,34.866,16.976,210.26,1.8534,3.5528
118.43,196.27,74.328,39.084,17.384,167.35,1.6573,3.8048
0,200.45,66.226,38.379,17.407,630.77,0,0
189.29,275.48,52.267,28.967,16.727,200,1.4553,2.7205
168.37,219.02,52.493,29.487,15.902,390.48,1.3008,2.6078
160.21,281.46,52.82,29.505,15.313,372.73,1.7568,2.5237
154.92,214.7,52.605,29.778,14.879,372.73,1.3859,3.144
158.51,218.81,52.077,28.671,14.47,390.48,1.3804,2.3208
152.87,208.55,11.212,27.963,14.443,390.48,1.3642,2.4684
155.81,211.31,4.9187,22.198,14.668,178.26,1.3563,2.4311
155.36,211.02,2.6925,22.496,14.763,174.47,1.3583,2.3939
153.77,209.96,2.1314,3.5524,14.889,174.47,1.3655,2.4367
153.15,209.16,2.5189,3.2819,15.044,170.83,1.3658,2.4233
151.72,208.73,2.0639,1.4338,15.542,170.83,1.3758,2.4388
152.82,207.77,2.0329,1.7159,16.257,178.26,1.3596,2.4349
151.56,207.34,2.2156,1.7054,16.519,178.26,1.368,2.4302
158.3,211.26,2.602,1.8231,16.526,178.26,1.3345,2.4233
153.53,208.85,2.6639,1.9763,16.655,178.26,1.3604,2.3991
153.94,206.36,2.9309,2.1239,16.799,182.22,1.3405,2.4768
157.23,211.24,2.843,2.1946,16.866,256.25,1.3435,2.4973
158.52,211.86,3.3747,2.6207,16.839,190.7,1.3364,2.4818
152.57,206.64,3.054,2.5214,16.538,182.22,1.3544,2.451
158.55,211.37,3.1486,2.6299,16.073,182.22,1.3331,2.4189
152.54,207.38,3.0054,2.5982,15.5,178.26,1.3595,2.4783
161.42,213.88,2.9127,2.1972,15.16,182.22,1.325,2.3672
154.96,211.01,2.9254,2.21,15.022,178.26,1.3617,2.4185
159.32,212.6,2.941,2.274,15.027,170.83,1.3344,2.3977
157.19,210.83,2.6812,1.78,15.409,683.33,1.3412,2.4403
155.08,210.99,2.6167,1.7823,15.782,170.83,1.3605,2.4066
155.67,211.64,2.201,1.1597,15.828,178.26,1.3595,2.3851
158.73,212.75,1.9249,1.1821,15.87,182.22,1.3404,2.3923
154.71,209.8,1.8875,1.1817,15.869,170.83,1.3561,2.4207
156.08,211.53,1.6717,1.4521,15.802,683.33,1.3553,2.436
157.18,211.94,1.8794,1.7941,15.834,178.26,1.3484,2.3817
153.04,208.92,1.9374,1.8016,15.878,256.25,1.3652,2.4321
155.67,211.04,1.9356,1.7383,15.743,190.7,1.3557,2.4296
153.97,207.96,1.5577,1.4824,15.583,186.36,1.3506,2.4301
152.41,207.4,2.3587,2.1386,15.472,182.22,1.3608,2.4681
156.77,209.49,3.1782,2.7035,15.265,182.22,1.3363,2.4379
155.46,210.46,3.4592,2.9497,15.061,186.36,1.3538,2.4036
154.36,210.33,3.3138,2.9408,14.903,167.35,1.3626,2.4156
160.6,214.77,3.2855,3.0015,14.484,190.7,1.3373,2.359
162.26,215.64,3.1004,2.7513,14.551,182.22,1.329,2.3467
160.52,214.61,2.6834,2.3295,15.004,186.36,1.337,2.3529
159.13,213.57,2.6777,2.1467,15.33,182.22,1.3421,2.3684
156.43,209.61,2.6326,2.1068,15.499,182.22,1.34,2.4241
156.57,211.49,2.4303,2.0613,15.638,170.83,1.3508,2.3871
155.31,210.86,2.3045,1.8964,15.832,174.47,1.3577,2.3944
156.92,212.06,1.8618,1.4574,15.991,182.22,1.3513,2.3998
155.98,210.92,1.5442,1.0848,15.9,195.24,1.3522,2.3942
156.08,210.79,1.6169,0.92186,15.596,178.26,1.3505,2.4161
159.28,211.69,1.6777,0.6958,15.484,170.83,1.329,2.3782
155,210.99,1.9999,0.74226,15.754,182.22,1.3612,2.4252
158.6,212.46,2.8508,1.2559,15.877,186.36,1.3396,2.3708
159.56,212.72,2.834,1.2611,15.582,182.22,1.3332,2.3807
155.49,211.92,2.8674,1.4591,15.463,182.22,1.3629,2.4185
160.37,212.43,2.8662,1.507,15.514,630.77,1.3246,2.3601
164.26,215.11,3.0218,1.5074,15.631,186.36,1.3096,2.3127
159.25,211.75,2.7604,1.4748,15.851,167.35,1.3297,2.4032
155.65,209.55,2.7611,1.4771,15.868,190.7,1.3463,2.4053
161.11,213.81,2.8784,1.5435,15.864,186.36,1.3271,2.3528
155.75,211.68,2.896,1.5444,15.937,178.26,1.3591,2.3994
158.69,213.36,2.8225,1.5595,15.807,186.36,1.3445,2.3812
158.55,212.75,2.0418,1.4188,15.602,182.22,1.3418,2.3709
156.11,211.05,2.0621,1.993,15.961,178.26,1.3519,2.3934
155.35,211.89,2.2563,1.8322,16.28,182.22,1.364,2.4163
158,211.64,2.2174,1.8415,16.219,182.22,1.3395,2.3642
160.11,214.35,3.9286,3.4165,16.29,178.26,1.3388,2.3474
155.91,207.78,3.9512,3.404,16.288,170.83,1.3327,2.4017
161.3,211.99,4.0412,3.4053,15.955,164,1.3143,2.3485
154.65,209.76,3.9907,3.4453,15.551,683.33,1.3563,2.4144
168.05,220.72,3.7586,3.4563,15.374,170.83,1.3134,2.3054
160,212.38,3.922,3.4458,15.077,182.22,1.3274,2.358
161.53,211.94,3.9311,3.3827,14.646,170.83,1.3121,2.3511
156.79,210.29,3.8018,2.9978,14.744,182.22,1.3413,2.4087
159.36,213.29,4.082,3.157,15.131,182.22,1.3384,2.3774
155.8,212.35,3.897,3.0393,15.39,182.22,1.363,2.4095
158.07,212.32,2.2437,1.0914,15.845,174.47,1.3433,2.3579
157.78,212.09,2.3108,1.4348,16.208,683.33,1.3442,2.394
153.93,209.56,1.8295,1.4662,16.212,190.7,1.3614,2.4347
156.93,211.45,1.9187,1.4385,15.767,186.36,1.3474,2.388
159.71,211.36,2.7716,2.0881,15.368,190.7,1.3234,2.3641
154.93,208.59,2.7257,2.1404,15.442,178.26,1.3464,2.4031
157.56,210.08,2.7508,2.1288,15.646,182.22,1.3333,2.391
155.26,211.5,2.7626,2.1312,15.503,178.26,1.3622,2.4146
163.54,216.32,2.7785,2.3128,15.078,174.47,1.3228,2.3386
158.2,209.75,3.2341,2.4009,14.908,186.36,1.3258,2.3634
156.25,210.3,3.1804,2.4906,15.082,174.47,1.3459,2.3869
158.28,212.13,3.7286,2.7361,15.311,178.26,1.3403,2.3623
153.82,207.96,3.9818,2.9205,15.244,182.22,1.3519,2.4707
162.77,213,4.306,3.086,15.099,178.26,1.3086,2.3224
158.03,213.18,3.9837,2.7245,15.257,170.83,1.349,2.4907
151.22,206.91,4.9956,3.2316,15.593,174.47,1.3682,2.4559
161.91,214.66,4.9021,3.1783,15.669,178.26,1.3258,2.3395
164.2,214.73,5.1441,3.4838,15.162,186.36,1.3078,2.3204
157.43,209.61,5.1014,3.1961,14.324,178.26,1.3314,2.3711
167.74,217.12,5.0647,3.2361,13.739,178.26,1.2944,2.2831
158.39,212.08,5.3875,3.3889,13.637,195.24,1.339,2.415
164.58,216.65,4.6539,2.7033,14.019,683.33,1.3164,2.3221
154.15,210.41,4.8282,2.8293,14.547,182.22,1.365,2.4373
157.4,211.2,5.044,3.1328,15.241,182.22,1.3418,2.4319
165.7,215.83,4.9707,2.982,16.045,182.22,1.3025,2.3669
156.04,211.91,4.5597,2.754,16.356,186.36,1.3581,2.3949
164.89,216.26,4.5719,2.7985,15.884,167.35,1.3115,2.2951
154.92,209.01,4.7426,2.8014,15.242,164,1.3492,2.4061
159.16,211.14,4.7717,3.0017,15.157,195.24,1.3266,2.4309
154.06,210.22,4.8839,3.0807,15.213,160.78,1.3646,2.4487
157.77,214.15,4.2605,2.843,15.138,170.83,1.3573,2.3826
165.73,216.67,4.2474,2.8431,15.08,256.25,1.3074,2.2934
153.9,208.69,3.5736,2.4244,15.012,178.26,1.3561,2.4012
155.41,210.03,3.5324,2.3222,15.332,174.47,1.3514,2.3754
156.38,211.27,3.6186,2.3571,15.629,186.36,1.351,2.3691
159.7,211.84,3.8829,2.9679,15.479,170.83,1.3265,2.3813
159.08,210.39,3.9211,2.7417,15.666,178.26,1.3225,2.4045
155.45,210.24,3.4415,2.508,16.171,182.22,1.3524,2.4135
154.51,210.17,3.707,2.5139,16.412,182.22,1.3602,2.4445
151.89,205.65,4.0038,2.4989,16.363,178.26,1.3539,2.4587
154.96,210.65,3.9609,2.4983,16.236,170.83,1.3594,2.3773
163.78,215.7,4.0216,2.5042,15.902,174.47,1.317,2.2995
162.03,212.7,4.1502,2.5038,15.871,182.22,1.3127,2.3543
162.77,211.3,4.1412,2.5125,16.196,182.22,1.2982,2.3729
158.04,211.22,4.2312,3.2303,16.29,182.22,1.3365,2.4142
155.31,209.79,3.7611,2.5328,16.55,182.22,1.3508,2.3763
154.09,210.42,3.5686,2.4802,16.442,190.7,1.3656,2.4387
155.65,209.95,3.3619,2.3655,15.798,182.22,1.3489,2.406
161.75,217.27,3.2391,2.5083,15.519,186.36,1.3432,2.3524
161.69,213.36,2.938,2.4771,15.642,182.22,1.3196,2.3594
156.98,213.09,3.6121,2.6897,15.817,182.22,1.3575,2.4195
162.09,214.81,6.1642,2.5002,15.795,182.22,1.3252,2.328
160.42,215.02,5.8469,2.5225,15.836,182.22,1.3403,2.3518
158.67,213.55,5.8703,2.3743,15.765,683.33,1.3459,2.3869
151.85,209.25,5.8932,2.1421,15.363,178.26,1.378,2.4683
174.18,213.46,5.9299,2.1292,15.229,186.36,1.2255,2.1363
161.5,216.38,5.7465,2.1912,15.152,174.47,1.3398,2.3632
166.63,217.08,5.8956,2.1898,15.088,186.36,1.3027,2.2994
159.9,214.48,5.9851,2.2988,15.542,182.22,1.3413,2.3412
159.25,214.31,5.9877,2.3447,15.832,182.22,1.3457,2.3966
161.47,216.27,5.0236,1.5542,15.599,182.22,1.3394,2.3158
157.34,214.12,2.7546,1.5367,15.528,190.7,1.3609,2.3731
157.85,212,2.7642,1.4583,15.482,190.7,1.3431,2.372
163.61,215.73,1.9415,1.2595,15.262,182.22,1.3185,2.3113
160.1,214.01,4.4714,4.4252,15.408,174.47,1.3367,2.3355
161.92,213.66,4.4257,4.5454,15.861,186.36,1.3195,2.3306
161.84,213.78,4.4293,4.5436,16.084,190.7,1.3209,2.3551
159.6,212.68,4.0941,4.6514,16.266,182.22,1.3326,2.3728
173.08,227.48,3.8449,4.4925,16.592,200,1.3144,2.202
163.54,219.03,4.0638,4.5853,16.733,186.36,1.3393,2.313
162.94,216,3.9306,4.8481,16.61,186.36,1.3256,2.3265
162.1,212.35,4.76,5.1136,16.467,182.22,1.31,2.3723
166.15,217.53,4.8564,5.2619,16.347,683.33,1.3092,2.2715
159.31,213.33,4.7885,5.2292,16.181,170.83,1.3391,2.3411
163.78,221.64,3.2409,3.6157,16.055,186.36,1.3533,2.3915
154.94,210.91,3.1938,3.3878,16.015,182.22,1.3612,2.4572
159.63,211.84,3.1655,3.373,16.033,178.26,1.3271,2.3315
160.86,213.13,3.1693,3.2755,16.001,182.22,1.325,2.3267
164.69,218.4,2.8424,3.2543,16.175,178.26,1.3261,2.315
160.75,215.39,2.8903,3.4295,16.491,182.22,1.3399,2.3396
160.51,215.29,2.8339,2.7191,16.755,178.26,1.3413,2.3614
160.14,213.85,2.0322,2.3726,16.797,178.26,1.3354,2.354
164,217.25,1.8203,2.1267,16.708,182.22,1.3247,2.2976
163.42,219.25,1.7445,2.1208,16.457,186.36,1.3416,2.3304
163.13,215.18,1.7765,1.924,15.872,178.26,1.3191,2.3151
164.98,217.39,1.9237,1.9397,15.493,182.22,1.3177,2.2853
162.21,213.42,1.8167,1.9389,15.52,178.26,1.3157,2.3081
161.94,213.17,1.5079,1.9104,15.292,186.36,1.3164,2.3266
164.92,215.44,2.821,4.4486,14.777,178.26,1.3063,2.2868
165.92,216.39,2.809,4.5367,14.656,182.22,1.3042,2.2855
165.5,216.08,2.7508,4.516,14.466,182.22,1.3057,2.2928
166.16,214.13,3.0749,4.5631,14.045,190.7,1.2887,2.2946
171.78,228.42,2.8138,4.3616,14.376,190.7,1.3297,2.2398
166.71,220.47,2.9284,4.1716,15.14,190.7,1.3225,2.29
163.92,215.72,3.823,4.2015,15.479,174.47,1.316,2.3114
169.82,219.12,4.3855,4.4493,15.696,170.83,1.2903,2.212
167.44,217.63,4.5324,4.8914,16.08,178.26,1.2997,2.2716
161.31,215.22,4.7284,4.8604,16.497,164,1.3342,2.3406
158.58,215.01,4.2631,2.8432,16.69,256.25,1.3559,2.3628
158.89,213.08,4.4187,2.7267,16.725,182.22,1.341,2.3434
161.3,211.03,4.5784,3.1368,16.846,186.36,1.3083,2.3292
159.81,214.64,3.4087,2.7252,16.972,186.36,1.3431,2.3403
157.27,213.64,2.783,2.7281,16.925,190.7,1.3584,2.3447
156.1,210.18,2.7381,2.4764,16.909,174.47,1.3465,2.4183
156.49,209.32,2.8058,2.2975,17.006,182.22,1.3376,2.3806
156.65,210.19,2.8101,2.186,17.039,182.22,1.3418,2.4077
152.05,207.31,2.4198,2.373,16.794,178.26,1.3634,2.4472
160.98,211.7,2.8898,2.9414,16.531,683.33,1.3151,2.3942
155.61,208.84,3.2516,3.2512,16.58,178.26,1.3421,2.4211
155.75,211.38,4.5503,3.524,16.738,264.52,1.3572,2.3994
157.31,213.73,5.4754,4.1034,16.728,182.22,1.3586,2.3707
162.48,217.46,5.3569,3.9551,16.609,178.26,1.3384,2.3377
161.76,216.17,4.5275,3.2848,16.476,182.22,1.3363,2.3294
167.86,216.38,4.6345,3.1462,16.668,182.22,1.289,2.2644
168.88,219.98,4.1775,2.3921,16.962,178.26,1.3026,2.2525
159.58,213.32,3.6132,2.0027,17.001,182.22,1.3368,2.3697
160.4,215.19,3.3601,2.2116,16.969,174.47,1.3416,2.3421
164.2,215.18,3.4313,2.2541,16.893,186.36,1.3104,2.3161
162.97,214.17,3.7061,2.4692,16.809,160.78,1.3142,2.3009
165.3,217.07,3.4411,2.4656,16.563,174.47,1.3132,2.2892
168.55,219.9,2.8383,2.016,16.182,178.26,1.3047,2.2769
161.48,214.62,2.6453,1.9622,15.883,182.22,1.3291,2.3351
159.23,213.01,2.5039,1.9824,15.59,178.26,1.3378,2.3588
162.39,216.19,2.6065,2.3731,15.459,683.33,1.3312,2.3163
161.92,216.27,2.9653,2.6995,10.058,186.36,1.3357,2.3305
162.12,213.82,2.8828,2.8199,9.706,157.69,1.3189,2.3056
162.71,216.56,2.4894,2.5034,9.476,167.35,1.3309,2.31
160.36,211.57,2.6672,2.7193,-200,167.35,1.3194,2.3271
167.15,219.71,2.7151,2.4806,-200,248.48,1.3144,2.2717
163.89,218.64,2.7302,2.6288,-200,167.35,1.3341,2.2939
166.51,216.89,3.9632,3.6847,-200,630.77,1.3026,2.2463
166.27,219.43,4.9205,5.0877,-200,683.33,1.3197,2.2541
158.95,216.12,5.7112,5.8194,-200,410,1.3597,2.3406
164.61,219.33,5.709,6.1759,-200,174.47,1.3324,2.2906
154.38,208.71,5.3863,6.1549,-200,745.45,1.3519,2.4062
153.51,204.95,5.3005,6.0514,-200,178.26,1.3351,2.4549
152.52,205.98,5.1953,6.4927,-200,273.33,1.3505,2.41
160.95,221.55,4.4878,6.187,-200,164,1.3765,2.9653
163.77,219.45,4.5889,6.1303,-200,683.33,1.34,2.8489
157.99,213.04,4.4352,14.792,-200,683.33,1.3485,3.1913
152.73,206.4,4.8651,37.392,-200,683.33,1.3514,2.7924
155.52,210.68,50.29,40.689,-200,273.33,1.3546,2.5233
153.9,215.09,51.157,40.165,-200,264.52,1.3976,2.9015
163.75,255,51.535,40.125,-200,190.7,1.5572,2.1674
164.1,325.81,51.932,42.091,-200,195.24,1.9855,3.0498
0,173.6,52.12,43.066,-200,248.48,0,0
173.09,229.48,52.09,42.487,-200,683.33,1.3258,2.368
169.58,229.62,53.346,55.504,-200,264.52,1.3541,2.6161
172.14,270.02,54.493,54.063,-200,160.78,1.5687,2.4097
164.07,271.35,54.748,54.243,-200,273.33,1.6539,2.4416
142.95,214.15,55.326,49.256,-200,683.33,1.4981,2.8422
106.92,360.07,22.339,44.876,-200,683.33,3.3678,3.3998
177.57,240.59,22.944,46.285,-200,182.22,1.3549,2.2275
169.25,271.32,24.23,44.569,-200,195.24,1.6031,2.6499
175.44,271.51,24.606,46.794,-200,264.52,1.5476,2.3773
180.55,322.78,26.812,46.205,-200,683.33,1.7878,2.491
181.95,328.28,26.178,40.132,-200,273.33,1.8043,2.3102
188.81,319.76,15.494,34.259,-200,205,1.6935,2.3803
150.09,337.74,17.638,29.44,-200,273.33,2.2503,3.0861
197.4,287.76,18.218,28.85,-200,264.52,1.4577,1.9538
150.18,250.51,18.137,32.974,-200,282.76,1.6681,2.6203
185.83,277.09,19.046,31.835,-200,106.49,1.4911,2.0776
202.23,290.44,24.529,29.251,-200,264.52,1.4361,1.7085
196.67,278.67,25.55,27.775,-200,264.52,1.4169,2.244
178.82,241.62,24.371,22.463,-200,683.33,1.3512,2.316
162.93,272.24,24.283,25.28,-200,264.52,1.6709,2.2867
130.26,303.58,61.873,36.663,-200,256.25,2.3306,3.5199
200.47,306.07,61.608,41.704,-200,683.33,1.5267,1.9016
192.74,307.33,61.179,43.95,-200,182.22,1.5945,2.314
196.28,318.16,62.199,44.39,-200,205,1.621,1.9815
0,196.25,62.11,42.453,-200,264.52,0,0
177.34,342.27,63.119,41.418,-200,186.36,1.93,2.248
195.55,329.31,61.875,41.634,-200,210.26,1.6841,1.8652
210.85,313.88,61.137,41.683,-200,205,1.4886,2.3922
174.83,338.61,60.739,42.783,-200,205,1.9368,2.0787
199.84,289.38,60.359,42.691,-200,264.52,1.4481,1.909
185.63,291.13,19.065,18.351,-200,110.81,1.5684,2.8759
169.51,310.01,21.405,21.576,-200,122.39,1.8289,2.2757
155.97,333.99,21.476,28.887,-200,200,2.1413,3.2513
188.34,314.69,20.551,32.087,-200,200,1.6709,2.4369
150.52,318.83,20.573,30.457,-200,167.35,2.1182,3.3884
212.24,360.28,58.086,40.934,-200,248.48,1.6975,1.8539
169.45,257.37,58.401,42.709,-200,264.52,1.5188,2.9693
152.81,268.51,60.136,44.549,-200,264.52,1.7572,3.4762
179.25,294.09,60.579,48.364,-200,186.36,1.6406,2.2713
0,217.47,78.483,59.715,-200,256.25,0,0
190.85,336.25,78.467,59.795,-200,186.36,1.7619,2.6841
202.97,341.43,86.279,65.841,-200,273.33,1.6822,2.4887
184.31,369.06,92.513,70.854,-200,190.7,2.0023,2.585
0,196,93.977,73.075,-200,273.33,0,0
148.33,320.64,91.998,76.29,-200,195.24,2.1617,3.4453
0,176.37,86.555,73.565,-200,630.77,0,0
0,194.17,88.527,72.709,-200,264.52,0,0
174.49,328.34,84.76,71.097,-200,154.72,1.8818,2.6115
150.93,347.27,89.057,67.901,-200,264.52,2.3009,3.4959
179.66,255.74,86.294,63.28,-200,215.79,1.4235,2.4359
211.07,323.43,88.415,62.664,-200,195.24,1.5323,2.1827
147.25,318.75,88.415,63.898,-200,126.15,2.1646,3.3814
0,204.82,76.993,59.005,-200,132.26,0,0
200.69,283.46,77.19,57.192,-200,205,1.4124,1.8429
186.14,312.24,77.584,56.331,-200,745.45,1.6774,2.3269
0,169.43,78.205,56.373,-200,264.52,0,0
118.81,325.14,78.883,54.459,-200,195.24,2.7366,3.2796
177.98,286.44,79.596,53.459,-200,264.52,1.6094,2.2937
164.74,340.1,63.467,49.562,-200,273.33,2.0644,2.7226
189.25,254.94,62.979,49.566,-200,151.85,1.3471,2.2255
217.52,280.48,65.277,49.753,-200,683.33,1.2895,1.8986
173.97,304.85,29.411,30.429,-200,256.25,1.7523,2.5457
205.04,331.81,18.89,30.632,-200,167.35,1.6182,2.1909
192.43,295.88,18.534,31.634,-200,170.83,1.5376,2.1768
220.24,259.57,16.312,27.491,-200,200,1.1786,1.9622
176.83,266.77,16.24,27.16,-200,154.72,1.5086,2.4133
180.26,255.49,14.62,34.451,-200,190.7,1.4173,2.6661
197.45,262.75,13.671,34.07,-200,683.33,1.3307,2.5124
183.46,243.65,12.85,32.547,-200,683.33,1.3281,2.5115
193.75,296.54,12.933,34.071,-200,273.33,1.5306,2.5225
178.17,346.73,12.419,35.553,-200,264.52,1.946,1.9997
184.53,271.74,12.418,36.808,-200,273.33,1.4726,2.5653
185.38,321.44,12.413,35.751,-200,273.33,1.734,1.914
183.08,315.9,11.743,38.768,-200,282.76,1.7255,2.5947
151.19,328.87,11.719,35.616,0.858,264.52,2.1753,3.167
176.85,253.28,10.832,36.177,0.424,282.76,1.4322,2.1777
181.98,267.49,57.844,50.733,0.621,200,1.4699,2.5733
192.03,350.73,76.261,61.795,-200,273.33,1.8264,1.986
179.55,266.8,75.341,59.924,0.657,282.76,1.4859,2.1096
182.63,323.51,85.632,64.375,0.525,195.24,1.7714,2.0697
0,178.17,85.956,59.665,0.706,112.33,0,0
0,176.59,91.841,65.72,0.846,372.73,0,0
166.78,268.63,91.734,65.231,1.098,282.76,1.6107,2.533
0,179.89,90.058,52.916,1.541,210.26,0,0
159.1,262.45,88.425,53.147,1.556,210.26,1.6496,3.3622
0,165.56,87.934,62.287,1.54,210.26,0,0
180.8,247.86,83.29,70.009,1.587,160.78,1.3709,2.8465
174.46,236.24,74.417,76.182,-200,215.79,1.3541,1.9987
159.78,269.74,75.565,76.28,1.683,390.48,1.6882,2.9038
177.63,365.99,57.223,70.308,2.353,282.76,2.0604,2.4909
182.86,360.69,57.234,71.634,3.073,205,1.9724,2.2529
195.35,389.57,57.234,63.378,3.299,160.78,1.9942,2.3351
187.94,261.4,58.123,65.096,3.035,167.35,1.3909,2.5436
179.11,330.94,60.024,65.254,2.81,210.26,1.8477,2.6709
156.21,344.48,60.163,67.972,2.718,745.45,2.2053,3.8228
0,210.57,60.482,63.432,2.599,341.67,0,0
196.91,231.63,60.894,64.576,2.234,210.26,1.1764,2.4749
209.22,234.81,61.131,57.031,2.056,273.33,1.1223,2.5646
178.97,234.42,62.803,56.965,2.391,164,1.3098,2.953
188.42,286.8,62.904,57.411,2.623,186.36,1.5222,2.6041
193.92,369.35,62.651,57.783,2.433,103.8,1.9046,2.4066
199.87,334.95,62.651,56.675,2.199,210.26,1.6758,2.4857
217.08,309.92,62.205,55.725,2.019,264.52,1.4277,2.4352
184.97,336.11,61.283,55.726,2.031,160.78,1.8171,2.475
177.9,347.88,61.217,53.359,2.09,215.79,1.9555,3.1771
0,218.11,61.211,53.537,2.164,282.76,0,0
165.15,240.4,60.786,48.62,2.921,292.86,1.4556,2.9421
192.13,360.3,60.063,52.164,4.838,215.79,1.8753,2.2847
173.55,253.53,76.671,62.973,6.461,205,1.4609,2.8393
188.25,282.68,78.556,60.917,5.983,167.35,1.5017,2.7444
181.74,304.41,79.018,56.888,4.021,292.86,1.6749,2.1874
183.9,366.81,59.42,52.808,2.989,118.84,1.9946,3.1714
0,189.24,60.556,56.83,3.12,273.33,0,0
210.45,293.97,63.927,52.95,5.522,136.67,1.3968,2.4418
187.31,274.04,64.014,52.006,8.738,630.77,1.463,2.8633
165.59,286.99,83.358,66.592,10.03,182.22,1.7332,3.0528
201.69,373.23,83.778,69.678,9.556,264.52,1.8505,2.8552
235.75,312.92,84.057,63.057,9.378,170.83,1.3273,2.0962
162.13,330.03,65.677,57.349,10.013,200,2.0356,2.9161
0,170.35,64.738,58.399,11.167,195.24,0,0
191.27,221.88,65.905,58.28,12.462,205,1.16,2.7718
190.29,262.43,83.925,75.905,13.226,227.78,1.3791,2.5103
215.53,319.15,93.272,77.674,12.778,195.24,1.4808,2.2838
156.67,319.87,92.725,81.871,10.82,372.73,2.0416,3.1229
125.53,297.01,91.497,74.526,10.573,178.26,2.366,4.1155
0,135.85,91.497,77.347,11.308,190.7,0,0
0,141.59,90.761,83.197,10.364,234.29,0,0
0,137.41,86.364,83.677,10.911,227.78,0,0
141.16,224.8,74.605,74.665,13.98,372.73,1.5925,3.2513
0,141.08,73.438,62.681,15.626,410,0,0
0,122.97,71.046,50.945,14.78,182.22,0,0
151.27,268.96,78.893,52.7,11.424,241.18,1.778,3.3217
0,184.47,79.512,52.017,7.542,264.52,0,0
148.54,229.14,79.286,48.861,7.604,200,1.5426,2.6395
0,211.57,80.543,54.584,8.669,190.7,0,0
168.02,249.49,77.336,47.203,8.825,241.18,1.4848,2.2411
142.22,244.79,68.244,29.908,8.524,221.62,1.7212,2.6493
164.76,251.98,78.48,35.481,7.553,205,1.5294,2.176
157.1,289.67,78.48,45.174,6.942,683.33,1.8438,2.4702
178.76,236.09,78.008,45.406,7.075,190.7,1.3207,2.4962
168.07,263.48,71.038,48.821,6.727,221.62,1.5677,2.4235
0,173.15,69.931,49.873,6.134,200,0,0
0,135.03,70.449,49.939,6.596,215.79,0,0
137.81,242.89,71.216,49.783,8.051,141.38,1.7625,2.5537
194.84,292.07,72.568,48.497,8.964,154.72,1.499,2.0937
137.89,271.28,81.577,50.544,7.908,410,1.9674,3.0372
157.76,249.18,83.714,49.421,6.028,154.72,1.5795,2.5545
176.84,236.35,73.865,45.699,6.337,683.33,1.3365,2.2938
180.83,277.04,56.761,27.775,7.977,167.35,1.5321,1.9183
0,192.76,57.041,28.095,8.667,248.48,0,0
192.95,229.41,55.341,25.005,8.793,248.48,1.189,2.1257
171.48,257.14,57.179,26.938,9.18,200,1.4995,3.0157
163.09,250.5,57.204,27.522,9.419,178.26,1.5359,2.3467
176.2,266.09,57.004,30.935,10.026,683.33,1.5102,2.3534
156.44,229.74,56.206,31.415,11.02,410,1.4686,2.4907
200.71,285.52,56.206,37.623,10.315,241.18,1.4225,1.7454
152.26,229.22,54.655,39.957,7.625,154.72,1.5054,2.8102
138.95,292.16,54.434,40.583,6.384,200,2.1026,2.8645
144.52,281.82,53.992,44.79,8.181,170.83,1.95,2.8003
0,165.57,53.158,44.831,8.188,390.48,0,0
120.48,298.52,54.238,43.336,7.71,141.38,2.4777,3.5701
167.5,277.96,50.533,43.06,8.855,167.35,1.6595,1.958
131.39,318.98,51.514,41.677,8.582,630.77,2.4277,3.1236
163.5,258.12,51.677,40.606,8.702,210.26,1.5788,2.3558
175.46,257,52.488,40.339,10.62,256.25,1.4648,2.1826
160,249.94,17.795,24.215,10.604,234.29,1.5621,2.3438
170.31,251.48,12.408,23.934,8.443,200,1.4766,2.4737
150.13,257.81,52.141,47.019,6.265,241.18,1.7172,2.6825
167.5,242.67,52.028,42.238,5.886,130.16,1.4488,2.3729
161.9,277.8,53.851,42.227,6.325,683.33,1.7159,2.5264
162.6,296.38,53.076,42.753,9.012,390.48,1.8228,2.5787
0,139.41,52.877,43.65,11.79,372.73,0,0
155.04,275.99,52.434,48.687,11.931,205,1.7801,2.04
192.53,257.5,52.464,48.508,10.489,264.52,1.3375,2.1862
146.73,272.21,68.46,49.878,9.509,195.24,1.8551,2.629
142.26,224.43,68.107,49.6,9.332,134.43,1.5775,2.9324
160.25,181.13,67.525,44.926,8.648,195.24,1.1303,2.1723
152.12,230.16,52.201,33.987,6.465,190.7,1.513,2.6087
0,202.59,52.031,34.105,3.65,256.25,0,0
154.98,274.74,48.81,33.01,-200,210.26,1.7728,2.4108
151.06,215.84,50.288,31.134,-200,264.52,1.4288,2.6458
172.56,267.59,51.353,31.73,-200,200,1.5507,2.1782
138.27,195.49,67.082,40.949,-200,264.52,1.4139,2.9628
130.77,236.93,67.996,41.853,-200,273.33,1.8119,3.2039
174.04,256.81,51.791,41.185,-200,190.7,1.4756,2.1814
170.43,248.93,51.701,38.638,-200,264.52,1.4606,2.2681
0,137.7,51.526,39.665,-200,138.98,0,0
168.06,253.93,51.822,38.078,-200,273.33,1.5109,1.571
153.89,249.6,53.756,37.238,-200,167.35,1.6219,2.3936
128.31,235.57,54.252,37.333,1.587,205,1.8359,3.9948
134.72,263.75,53.583,36.884,1.217,174.47,1.9577,2.6688
176.27,241.33,53.086,36.733,-200,210.26,1.3691,1.9972
182.58,267.89,17.342,12.038,-200,292.86,1.4672,1.978
169.39,248.3,17.525,11.985,-200,273.33,1.4659,2.2177
158.94,238.16,17.729,13.785,-200,273.33,1.4984,1.8738
159.1,232.63,13.118,13.837,-200,273.33,1.4621,2.5122
169.82,237.88,54.061,27.58,-200,282.76,1.4008,2.3589
171.15,253.08,71.404,30.291,9.065,282.76,1.4787,2.0524
172.3,268.27,69.513,39.855,12.848,205,1.557,2.6178
165.44,265.2,68.179,59.309,14.949,205,1.603,2.9618
0,173.67,77.606,63.849,14.686,282.76,0,0
0,203.15,77.631,66.859,15.414,210.26,0,0
141.65,323.64,75.396,68.683,14.546,683.33,2.2847,3.632
124.89,382.92,76.426,74.739,13.961,630.77,3.0661,4.5158
0,182.13,78.117,76.668,14.412,190.7,0,0
159.45,320.85,78.778,76.832,15.637,182.22,2.0122,2.9457
134.36,319.66,71.069,66.371,16.304,186.36,2.3792,3.1232
181.37,365.97,55.005,54.745,16,174.47,2.0178,2.6611
188.69,337.65,57.584,54.834,16.197,190.7,1.7895,2.8064
173.3,319.36,58.763,56.232,15.853,264.52,1.8429,2.842
181.7,356.84,20.524,35.969,15.706,195.24,1.9639,2.9836
154.86,341.56,22.99,36.073,13.903,182.22,2.2057,2.9968
198.24,335.22,19.471,51.554,14.375,186.36,1.691,2.0512
198.6,394.24,21.558,60.888,14.498,195.24,1.985,2.1157
162.93,257.74,22.273,66.718,14.711,186.36,1.5819,2.6463
211.11,318.61,22.783,70.646,14.692,186.36,1.5092,2.5787
153.2,218.7,22.878,69.057,14.396,170.83,1.4275,3.0712
151.01,207.7,22.572,66.419,14.911,182.22,1.3754,3.0775
154.39,213.52,20.611,61.897,14.148,182.22,1.383,2.5858
158.83,216.02,17.32,34.321,13.692,174.47,1.36,2.5041
159.3,215.11,17.354,33,14.421,256.25,1.3504,2.455
159.57,214.83,3.2034,3.0293,13.663,256.25,1.3463,2.3963
158.24,214.13,2.8884,2.6699,13.68,178.26,1.3532,2.411
160.54,216.26,2.1341,1.7483,14.662,178.26,1.3471,2.3985
159.48,215.5,1.5129,1.7592,14.12,264.52,1.3513,2.3889
156.99,211.15,1.5725,1.9879,12.852,178.26,1.345,2.4203
157.28,211.94,1.7321,2.21,12.338,178.26,1.3475,2.408
162.18,215.85,1.7477,2.1632,12.177,182.22,1.3309,2.3889
158.85,213.34,1.9155,2.1386,12.777,182.22,1.3431,2.3707
157.76,210.81,1.8893,1.834,14.457,190.7,1.3362,2.3951
156.67,210.42,1.8771,1.5823,14.39,256.25,1.343,2.4205
157.5,212.62,1.7806,1.5285,14.283,167.35,1.35,2.3764
161.09,213.03,1.7819,1.5772,14.606,178.26,1.3224,2.3598
160.25,213.26,1.8124,1.4631,12.782,174.47,1.3308,2.368
159.04,211.83,1.922,1.5927,12.335,167.35,1.3319,2.388
158.36,213.13,2.2894,1.8474,11.392,683.33,1.3459,2.388
157.27,211.25,2.5109,1.9155,10.999,164,1.3432,2.3979
162.33,215.34,2.42,1.9243,11.516,256.25,1.3266,2.4098
160.94,214.61,2.8922,2.1251,11.823,167.35,1.3334,2.441
155.06,209.24,2.8702,2.1358,11.982,178.26,1.3495,2.4289
163.15,215.49,2.9014,2.1108,12.006,174.47,1.3208,2.4524
160.4,213.72,3.249,2.2479,12.066,167.35,1.3325,2.3487
154.43,210.24,3.2213,2.1951,13.211,167.35,1.3614,2.4307
159.55,213.6,2.9956,2.0743,14.362,170.83,1.3387,2.3637
157.71,212.49,2.8838,2.0448,14.679,256.25,1.3473,2.3704
154.32,210.43,3.3747,2.6151,15.259,164,1.3636,2.4152
159.02,213,2.8207,2.4294,14.885,167.35,1.3395,2.3393
159.8,214.18,3.1487,2.8319,14.543,630.77,1.3403,2.3571
157.08,210.68,3.0929,3.0245,15.439,186.36,1.3412,2.387
151.92,206.47,3.0022,2.9877,16.214,256.25,1.3591,2.4012
158.51,209.32,3.1278,2.9718,15.295,178.26,1.3206,2.3635
151.3,205.89,3.1725,2.9779,14.374,174.47,1.3608,2.4552
155.52,207.29,2.9932,2.6314,14.425,182.22,1.3329,2.4756
153.65,206.66,2.5736,1.7682,16.556,178.26,1.345,2.4461
152.24,206.32,2.6943,1.7308,15.345,178.26,1.3552,2.4158
157.47,210.54,2.5486,1.6954,14.694,174.47,1.337,2.447
156.99,208.59,2.2067,1.6435,14.115,683.33,1.3287,2.4215
155.17,208.69,3.0935,3.8457,14.677,178.26,1.3449,2.4164
151.32,205.05,3.1646,3.8461,15.19,174.47,1.3551,2.4264
154.6,207.37,3.1771,3.7984,15.323,178.26,1.3414,2.4478
152.89,205.95,3.1865,3.7462,15.385,178.26,1.3471,2.4711
161.96,218.48,3.1404,3.7051,13.662,174.47,1.349,2.5194
157.29,209.98,3.7478,4.1491,12.794,182.22,1.335,2.4711
153.45,207.65,4.0553,4.2166,13.191,170.83,1.3532,2.4445
152.16,207.13,3.817,3.9657,13.401,182.22,1.3613,2.4393
153.43,208.45,3.9411,3.8794,13.315,745.45,1.3586,2.4286
161.56,214.66,3.639,3.4785,13.622,683.33,1.3287,2.3483
160.31,211.9,3.3171,2.5223,13.732,174.47,1.3218,2.3463
159.07,212.56,3.3334,2.5193,13.635,170.83,1.3363,2.3506
160.76,212.9,3.0978,2.331,13.923,178.26,1.3243,2.3648
156.78,212.77,2.6419,1.8966,13.937,178.26,1.3572,2.3614
156.67,210.39,2.199,1.646,13.424,174.47,1.3429,2.3891
156.08,210.06,2.2407,1.3708,13.006,170.83,1.3459,2.3984
156.63,209.34,2.2267,1.5123,13.1,174.47,1.3365,2.3774
160.58,212,2.3469,1.6436,13.705,182.22,1.3203,2.358
161.26,213.46,2.261,1.7699,13.518,182.22,1.3237,2.3561
161.86,212.33,2.3796,1.7602,13.06,170.83,1.3118,2.3258
157.63,209.73,2.2959,1.713,12.92,170.83,1.3305,2.382
161.07,213.77,2.0833,1.641,13.042,164,1.3272,2.3314
158.3,214.02,1.9561,1.3605,13.852,167.35,1.352,2.384
155.74,210.76,2.0534,1.5202,14.182,630.77,1.3533,2.3828
159.57,211.36,2.476,1.8218,13.44,170.83,1.3245,2.3726
159.76,212.78,2.24,1.9103,13.623,683.33,1.3318,2.3425
161.34,212.47,2.4504,1.8418,14.705,178.26,1.3169,2.3278
157.42,210.13,2.3383,1.6548,15.209,174.47,1.3349,2.3675
154.35,208.4,2.7029,1.3171,15.603,170.83,1.3502,2.4005
157.26,209.49,3.3434,1.9807,16.247,178.26,1.3321,2.3843
155.1,210.81,3.382,1.9797,16.352,170.83,1.3592,2.3934
160.16,210.51,3.376,1.9041,15.774,170.83,1.3144,2.3284
162.16,209.9,3.6547,2.2119,16.437,170.83,1.2944,2.3332
165.41,215.33,3.9775,2.6752,16.597,683.33,1.3018,2.3184
157.57,210.9,3.4667,2.4777,15.827,174.47,1.3385,2.352
158.51,210.08,3.4086,2.2994,15.62,178.26,1.3254,2.3807
163.83,214.63,3.0693,2.3629,15.525,170.83,1.31,2.3051
164.71,215.98,3.0622,2.3019,15.896,174.47,1.3113,2.3105
160.19,213.53,3.161,2.1068,16.475,745.45,1.333,2.3376
157.86,212.24,2.8807,2.1011,16.893,683.33,1.3445,2.3688
164.99,215.02,2.6225,2.117,16.959,174.47,1.3032,2.2873
163.07,214.99,2.415,2.0037,16.712,186.36,1.3184,2.2922
159.29,211.32,2.3338,1.9389,16.249,174.47,1.3267,2.3361
162.34,211.1,2.5725,1.7305,16.192,178.26,1.3004,2.3309
160.09,210.76,2.9362,2.2033,16.444,174.47,1.3165,2.3379
161.12,210.92,2.8051,2.3235,16.554,178.26,1.3091,2.3414
162.75,213.6,3.1946,2.2287,15.467,174.47,1.3125,2.313
156.47,210.69,3.3333,2.4283,14.789,174.47,1.3465,2.3771
165.42,216.78,3.279,2.3808,15.484,174.47,1.3105,2.3063
164.45,215.2,3.2937,2.3197,16.034,178.26,1.3086,2.309
155.8,212.08,3.3272,2.1677,16.156,182.22,1.3613,2.3686
164.59,216.43,3.3639,1.9602,16.108,178.26,1.315,2.2856
162.48,212.2,3.3333,1.9724,15.87,630.77,1.306,2.3185
162.78,214.39,2.8678,1.5783,16.216,178.26,1.3171,2.2992
159.52,214.66,2.713,1.532,16.673,178.26,1.3457,2.3462
159.95,214.97,3.1771,2.5699,16.434,174.47,1.344,2.3298
161.63,213.27,2.3003,2.5073,15.48,178.26,1.3195,2.3136
162.04,214.75,2.6129,2.5276,15.925,178.26,1.3253,2.2847
164.1,216.48,2.9553,2.6509,15.852,164,1.3192,2.2845
167.47,220.94,3.0992,2.6906,15.817,178.26,1.3193,2.2661
162.98,212.61,2.9756,2.7515,16.446,178.26,1.3045,2.3082
158.13,213.1,2.7776,2.7442,16.252,182.22,1.3476,2.3368
166.45,218.8,2.9235,3.7024,15.816,182.22,1.3145,2.2587
165.44,217.35,2.789,3.6533,16.013,178.26,1.3137,2.2726
165.49,213.66,2.7764,3.7131,16.683,174.47,1.2911,2.2554
165.49,215.92,2.6627,3.7017,16.446,174.47,1.3047,2.26
168.03,224.26,2.6458,3.5896,15.911,174.47,1.3347,2.2356
165.26,218.25,1.4399,3.4221,15.433,178.26,1.3207,2.2537
164.75,214.99,1.3686,3.3933,15.062,170.83,1.305,2.2705
163.39,212.26,1.3618,3.3637,15.005,174.47,1.2991,2.2707
163.26,213.85,1.3707,3.2669,15.188,174.47,1.3098,2.2657
163.91,215.91,1.4047,3.2943,15.321,174.47,1.3172,2.2872
165.33,214.16,1.0296,1.9477,15.256,174.47,1.2954,2.2624
164.85,216.11,1.3738,2.3609,15.835,178.26,1.3109,2.2669
164.17,216.09,1.3999,2.341,16.66,178.26,1.3163,2.2717
163.56,217.58,1.3332,2.036,16.923,178.26,1.3303,2.2928
166.5,218.07,1.3203,1.8064,16.989,174.47,1.3097,2.2432
167.41,220.51,1.6347,1.8003,16.425,178.26,1.3172,2.2489
163.86,215.59,1.6528,1.5038,15.339,178.26,1.3157,2.2842
165.03,218.45,1.8027,1.4868,14.974,178.26,1.3237,2.2873
163.37,216.08,2.0734,2.1471,15.624,182.22,1.3227,2.2815
168.1,217.9,2.3085,2.2995,17.579,174.47,1.2963,2.2372
164.42,216.65,2.2593,2.4447,15.967,174.47,1.3177,2.2773
162.86,216.32,2.0555,2.1651,15.566,182.22,1.3282,2.308
161.66,212.38,2.7981,2.9518,15.997,174.47,1.3137,2.3019
161.36,214.19,3.4344,3.2371,16.446,174.47,1.3274,2.3067
165.93,219.53,4.3019,3.6468,16.687,178.26,1.323,2.2433
165.61,218.46,3.8466,3.5017,15.844,178.26,1.3191,2.2235
158.24,210.23,3.8731,3.4454,15.187,178.26,1.3285,2.356
157.03,210.76,3.9691,3.4214,15.311,178.26,1.3422,2.3471
154.59,209.77,4.1721,3.6028,15.193,182.22,1.3569,2.3871
158.28,212.55,4.1719,3.6031,15.261,174.47,1.3428,2.3457
164.68,215.86,4.5324,6.181,15.728,178.26,1.3108,2.2828
164.24,211.52,4.4575,6.0811,16.169,174.47,1.2879,2.2747
165.21,217.44,4.375,5.9175,16.148,167.35,1.3161,2.2725
161.44,213.79,4.3309,6.0855,15.765,182.22,1.3242,2.2833
168.48,230.41,3.2667,5.7248,15.959,178.26,1.3676,2.2719
164.73,213.31,2.722,5.5437,16.245,178.26,1.2949,2.2689
159.36,213.16,2.7362,5.5958,15.495,174.47,1.3376,2.3335
167.26,221.71,2.7546,5.2913,14.631,178.26,1.3255,2.2648
165.45,218.78,2.7672,5.3133,14.289,170.83,1.3224,2.2613
167.09,215.75,2.5978,5.1282,14.784,174.47,1.2912,2.2423
163.92,214.5,2.7978,5.0226,15.352,178.26,1.3086,2.2808
165.91,219.76,2.8679,4.8725,15.288,178.26,1.3246,2.263
163.94,216.31,1.8594,4.7933,15.158,174.47,1.3194,2.2841
167.24,217.96,1.917,4.9287,15.332,170.83,1.3032,2.2319
169.78,230.01,2.3003,6.0899,15.745,178.26,1.3547,2.1824
167.71,222.37,2.3017,5.8109,15.584,178.26,1.326,2.2543
168.22,225.59,2.0497,5.272,15.171,178.26,1.341,2.2457
164.96,216.15,3.1681,6.2495,14.953,683.33,1.3103,2.2598
170.69,231.18,3.1088,7.5517,16.36,174.47,1.3544,2.1998
166.63,221.04,3.1518,7.4125,15.759,178.26,1.3266,2.257
167.3,223,2.9932,7.2304,16.107,174.47,1.3329,2.2335
159.61,211.63,2.968,7.4763,16.809,174.47,1.326,2.3302
169.15,236.71,4.5928,8.1935,16.921,178.26,1.3994,2.238
165.47,219.95,4.7201,8.3595,16.716,174.47,1.3292,2.2497
166.29,218.44,4.2481,7.5641,16.94,178.26,1.3136,2.2597
166.46,216.61,4.1889,7.6254,16.438,174.47,1.3013,2.2585
155.03,210.32,4.1639,7.593,17.223,167.35,1.3566,2.373
161.73,213.86,3.8915,7.2729,18.293,178.26,1.3223,2.2693
164,214.56,3.5597,3.572,16.029,178.26,1.3083,2.2914
165.47,214.27,3.6814,3.3734,16.131,182.22,1.2949,2.2432
166.99,222.54,3.632,3.3387,17.762,178.26,1.3326,2.2291
165.97,219.44,4.0725,17.574,17.242,170.83,1.3222,2.2484
163.66,216.03,2.3558,17.168,17.899,178.26,1.32,2.2753
167.29,216.39,2.5862,17.188,17.763,178.26,1.2935,2.2313
165.22,217.9,2.5281,16.93,16.555,178.26,1.3189,2.248
170.28,270.71,2.4917,16.539,15.304,178.26,1.5898,2.1468
164.27,218.84,2.522,16.474,14.724,182.22,1.3322,2.267
171.27,233.31,2.5674,16.274,14.692,178.26,1.3622,2.1648
168.81,231.1,2.7847,16.403,14.545,178.26,1.369,2.1919
166.2,220.99,2.787,16.027,14.807,182.22,1.3297,2.2245
168.23,227.43,2.8997,15.862,14.655,174.47,1.3519,2.2445
169.23,225.03,2.9216,6.0418,14.285,174.47,1.3297,2.1948
162.45,214.51,2.9357,5.7632,14.596,178.26,1.3204,2.2896
166.97,223.06,2.7494,5.1072,14.435,170.83,1.3359,2.2256
164.1,220.46,2.7443,4.6931,13.972,174.47,1.3435,2.2689
170.46,230.49,2.8985,5.4745,14.861,170.83,1.3521,2.1995
170.91,227.8,2.9119,5.5346,15.626,167.35,1.3329,2.2011
169.43,226.92,3.0393,6.4934,16.209,174.47,1.3393,2.217
168.69,227.04,2.2571,5.0032,15.788,170.83,1.3459,2.215
171.2,234.42,2.4041,11.553,14.356,178.26,1.3693,2.1796
167.28,222.32,1.7027,10.884,12.183,178.26,1.3291,2.237
170.98,235.96,1.7652,10.857,-200,182.22,1.38,2.1646
168.84,228.07,1.7695,10.756,-200,186.36,1.3508,2.2092
172.47,261.49,1.7854,10.607,-200,186.36,1.5161,2.1021
172.55,233.07,1.7082,10.474,-200,186.36,1.3507,2.1508
171.75,233.78,2.36,11.244,-200,182.22,1.3612,2.1689
169.68,230.1,2.3262,11.09,-200,178.26,1.3561,2.2075
169.17,229.71,2.4144,11.321,-200,178.26,1.3579,2.2097
171.02,229.32,2.4826,11.262,-200,178.26,1.3409,2.1923
165.21,220.81,2.2522,5.8444,-200,178.26,1.3366,2.2522
167.56,223.96,1.9299,23.36,-200,174.47,1.3366,2.2384
167.45,224.17,2.5484,24.469,-200,273.33,1.3387,2.2184
167.65,232.69,2.5911,24.924,-200,273.33,1.388,2.1772
168.51,241.01,2.499,30.54,-200,248.48,1.4302,2.1655
167.39,301.12,2.2293,31.165,-200,256.25,1.7989,2.1628
161.82,213.74,2.2073,31.109,-200,167.35,1.3208,2.2911
164.51,219.34,2.3467,31.213,-200,149.09,1.3332,2.2619
167.77,289.99,2.7397,31.113,-200,683.33,1.7285,2.2725
163.54,218.03,3.3983,31.076,-200,264.52,1.3332,2.2812
166.56,221.73,3.8444,31.236,-200,170.83,1.3312,2.3011
169.03,222.07,3.9261,22.059,-200,273.33,1.3138,2.2579
170.92,226.28,3.6131,21.951,-200,195.24,1.3239,2.2369
173.11,234.74,5.2404,22.367,-200,683.33,1.3561,2.2165
173.02,228.31,5.2814,7.6699,-200,195.24,1.3195,2.2701
165.26,220.45,6.1325,44.704,-200,264.52,1.334,2.3727
164.08,215.16,8.9273,59.617,-200,126.15,1.3113,2.3816
155.6,213.01,10.394,63.654,-200,186.36,1.3689,2.3748
169.09,235.67,10.413,65.195,-200,200,1.3938,2.3993
177.99,363.56,10.432,64.609,-200,190.7,2.0426,2.268
189.3,365.97,11.022,62.452,-200,256.25,1.9332,2.6704
187.87,334.14,56.334,69.679,-200,282.76,1.7786,2.0838
175.57,328.86,56.405,67.84,-200,256.25,1.873,2.9088
171.1,312.11,56.844,60.88,-200,264.52,1.8241,2.685
184.12,315.64,56.91,54.998,-200,256.25,1.7143,2.3517
0,173.33,57.709,54.305,-200,273.33,0,0
168.3,353.77,76.039,62.891,-200,205,2.102,3.0563
180.6,326.54,78.339,62.741,-200,273.33,1.8081,2.329
172.41,305.85,77.66,60.592,-200,273.33,1.774,2.2582
194.64,270.4,77.458,61.458,-200,256.25,1.3892,2.0308
0,183.48,76.513,59.145,-200,273.33,0,0
215.9,238.95,58.499,61.179,-5.782,200,1.1068,2.3726
142.25,289.35,76.193,58.937,-200,683.33,2.0341,3.0768
165.62,222.2,76.367,55.772,-200,273.33,1.3416,2.5813
164.11,266.93,75.881,54.187,-200,200,1.6265,2.5066
159.05,384.36,74.879,54.235,-200,264.52,2.4166,2.9328
0,219.14,58.064,47.058,-200,273.33,0,0
183.42,249.8,71.607,46.722,-200,264.52,1.3619,2.3401
160.16,281.08,72.361,46.262,0,273.33,1.755,2.933
181.04,272.56,72.291,44.396,0,195.24,1.5055,1.9133
181.91,259,83.049,49.161,0,264.52,1.4238,2.6464
0,244.19,89.637,28.275,0,264.52,0,0
167.08,257.04,89.637,30.848,0,227.78,1.5384,2.8179
164.05,245.23,90.291,40.087,0,264.52,1.4949,3.1206
0,201.27,89.765,39.299,0,273.33,0,0
0,197.66,90.363,38.348,0,264.52,0,0
0,198.34,93.131,56.546,0,264.52,0,0
0,158,93.131,56.482,0,264.52,0,0
0,176.76,92.781,55.533,0,683.33,0,0
185.31,265.71,92.33,55.199,0,264.52,1.4338,2.3769
200.85,354.28,89.936,60.663,0,0,1.7639,1.9056
0,214.75,88.625,59.594,0,0,0,0
163.97,231.19,84.436,58.677,0,0,1.4099,2.4409
159.91,235.03,73.691,49.506,0,0,1.4698,2.5024
122.03,308.99,59.073,43.103,0,0,2.5322,3.1468
171.23,256.86,58.036,46.927,0,0,1.5001,2.3512
183.43,277.12,55.28,42.115,0,0,1.5108,2.4757
151.79,264.89,23.214,38.911,0,0,1.7451,3.4548
200.8,315.93,24.553,43.273,0,0,1.5733,2.3853
151.37,332.39,28.223,39.442,0,0,2.1958,2.5484
143.64,218.98,23.093,42.945,0,0,1.5245,2.5528
187.79,295.72,24.003,46.495,0,0,1.5747,2.1786
188.85,354.71,24.004,49.099,0,0,1.8783,2.2244
211.31,298.51,22.488,49.391,0,0,1.4127,1.8965
195.55,233.78,21.187,49.624,0,0,1.1955,2.3585
157.14,352.38,59.432,49.221,0,0,2.2425,2.3078
169.47,242.89,78.169,62.58,0,0,1.4333,2.2511
176.17,260.3,81.393,65.493,0,0,1.4775,2.6427
167.84,255.73,84.845,59.719,0,0,1.5237,2.9599
0,229.93,85.323,61.248,0,0,0,0
0,143.65,86.792,66.853,0,0,0,0
