155.39,265.91,28.886,26.847,-200,205,1.7113,2.7493
162.39,261.04,72.404,50.817,-200,683.33,1.6074,2.6479
215.6,302.12,66.898,46.475,-200,273.33,1.4013,1.7991
153.33,325.85,68.969,43.934,-200,264.52,2.1252,2.7775
141.67,281.79,64.517,41.247,-200,273.33,1.989,3.1056
0,177.64,77.694,55.013,-200,273.33,0,0
165.41,276.54,79.566,55.862,-200,273.33,1.6719,2.2576
227.79,295.24,79.329,59.48,-200,390.48,1.2961,1.712
154.12,262.7,75.818,58.413,-200,264.52,1.7045,2.9087
0,149.04,76.006,56.293,-200,167.35,0,0
193.35,290.53,75.985,58.423,-200,273.33,1.5026,2.1473
152.04,327,75.985,55.835,-200,273.33,2.1507,2.6663
171.3,254.71,77.406,56.021,-200,256.25,1.4869,2.5663
159.66,304.94,71.561,55.718,-200,215.79,1.9099,2.7287
135.92,313.91,82.06,57.627,-200,273.33,2.3096,3.2407
0,194.25,82.06,60.524,-200,264.52,0,0
189.71,247.85,77.485,58.961,-200,683.33,1.3065,2.254
162.51,231.14,76.353,52.105,-200,256.25,1.4223,2.6372
0,210.18,76.901,53.823,-200,170.83,0,0
0,134.99,75.511,50.782,-200,221.62,0,0
109.2,238.35,81.16,46.481,-200,745.45,2.1827,4.4924
128.62,259.93,76.377,51.797,-200,256.25,2.021,3.6295
176.85,283.36,79.816,51.772,-200,160.78,1.6023,2.4249
137.77,276.43,78.189,52.229,-200,264.52,2.0064,3.4312
0,178.39,69.327,53.482,-200,273.33,0,0
151.21,309.14,55.163,37.099,-200,273.33,2.0445,3.0977
215.01,224.85,55.673,36.446,-200,273.33,1.0457,1.8653
134.96,257.22,55.715,37.302,-200,273.33,1.906,3.2707
142.23,287.54,54.507,36.296,-200,264.52,2.0216,3.128
128.23,267.49,54.866,35.587,-200,200,2.0861,3.5571
170.06,263.6,24.043,40.411,-200,200,1.55,2.5564
152.54,235.74,26.755,38.036,-200,205,1.5454,2.7777
153.16,250.17,19.198,36.191,-200,273.33,1.6334,2.8571
158.44,245.32,18.163,36.121,-200,630.77,1.5484,2.806
165.02,361.83,54.004,41.265,-200,182.22,2.1927,2.8004
195.43,266.56,54.993,41.176,-200,273.33,1.364,2.0362
163.42,243.69,54.615,41.136,-200,256.25,1.4912,2.3541
172.08,259.57,54.751,47.592,-200,160.78,1.5084,2.4851
0,199.33,54.771,48.294,-200,200,0,0
186.02,255.44,55.33,49.741,-200,282.76,1.3732,2.2796
147.29,259.58,57.404,39.45,-200,273.33,1.7623,3.0185
161.71,339.69,55.702,40.363,-200,273.33,2.1007,2.3637
155.56,237.38,73.137,42.184,-200,200,1.526,2.6643
175.94,313.85,72.747,42.479,-200,248.48,1.7838,2.3268
201.22,284.21,55.318,41.253,-200,273.33,1.4124,2.2862
154.13,292.86,54.791,40.519,-200,264.52,1.9001,2.7977
0,223.72,55.189,41.904,-200,195.24,0,0
164.37,249.71,54.971,40.452,-200,248.48,1.5192,2.8171
157.02,339.21,54.945,37.615,-200,167.35,2.1603,2.6532
177.86,293.11,54.437,42.565,-200,174.47,1.648,2.2703
128.69,328.84,55.618,42.559,-200,273.33,2.5553,3.6865
148.02,327.44,56.342,42.484,-200,264.52,2.2121,2.8425
154.07,261.94,25.158,37.617,-200,683.33,1.7001,2.9331
166.09,221.29,25.138,36.271,-200,256.25,1.3323,2.4194
210.9,282.62,26.191,32.187,-200,241.18,1.3401,2.4071
175.06,271.97,60.447,41.689,-200,273.33,1.5536,2.389
205.94,283.08,60.056,38.748,-200,256.25,1.3746,2.3877
165.52,264.95,60.239,31.945,-200,264.52,1.6007,2.7991
196.99,304.31,62.413,31.925,-200,273.33,1.5448,2.4623
0,198.54,62.922,29.604,-200,264.52,0,0
138.27,232.67,60.643,30.727,-200,264.52,1.6827,2.355
139.66,253.13,61.575,31.097,-200,221.62,1.8125,3.1936
207.03,253.47,59.891,36.628,-200,282.76,1.2243,1.6055
185.94,249.95,63.734,47.795,-200,264.52,1.3443,2.3705
148.67,293.49,63.126,47.375,-200,273.33,1.9742,2.9457
193.89,239.57,28.548,41.734,-200,264.52,1.2356,2.2113
180.62,322.02,62.69,42.655,-200,195.24,1.7828,2.3748
224.35,357.98,63.377,42.338,-200,264.52,1.5956,1.7463
185.53,234.96,61.618,42.022,-200,273.33,1.2665,2.1754
170.31,256.82,60.9,41.386,-200,273.33,1.508,2.1339
0,224.06,61.255,44.568,-200,273.33,0,0
126.59,265.35,59.71,42.726,-200,124.24,2.0962,3.4181
173.82,279.39,63.183,42.388,-200,273.33,1.6074,2.1954
151.65,265.39,58.416,32.455,-200,273.33,1.7501,2.8936
134.13,328.37,56.842,30.195,-200,256.25,2.4482,3.1465
159,269.02,57.052,30.111,-200,264.52,1.692,2.8109
220.62,318.81,27.432,25.422,-200,273.33,1.4451,1.5488
132.33,263.02,25.237,25.433,-200,264.52,1.9875,3.4966
154.11,262.43,25.331,25.994,-200,264.52,1.7029,2.7047
173.94,258.27,55.975,37.044,-200,282.76,1.4848,2.5028
149.17,298.98,56.332,35.158,-200,273.33,2.0042,3.1764
155.83,300.07,56.151,38.233,-200,683.33,1.9256,2.7942
142.61,267.06,49.218,34.801,-200,164,1.8726,2.9315
0,199.35,49.425,39.044,-200,215.79,0,0
165,314.99,48.941,38.977,-200,200,1.909,2.996
138.31,227.89,46.793,38.874,-200,282.76,1.6476,3.1442
144.35,248.29,60.539,45.841,-200,683.33,1.7201,2.8782
121.2,320.14,59.12,45.597,-200,273.33,2.6413,4.2646
131.36,266.84,64.141,45.603,-200,273.33,2.0315,3.1441
117.69,261.75,50.451,41.353,-200,282.76,2.224,3.4757
0,184.3,62.909,41.284,-200,273.33,0,0
133.43,297.55,63.147,44.354,-200,264.52,2.23,3.577
192.6,267.36,63.162,47.526,-200,210.26,1.3882,2.6931
148.74,239.49,72.423,48.774,-200,200,1.6101,2.8499
0,199.64,74.266,49.414,-200,683.33,0,0
143.18,311.44,75.996,49.555,-200,200,2.1752,2.8842
144.61,316.39,66.058,47.696,-200,120.59,2.1878,2.8818
0,191.58,67.683,47.553,-200,160.78,0,0
159.69,281.21,63.971,48.139,-200,190.7,1.761,2.6706
155.68,268.28,66.852,46.907,-200,264.52,1.7233,3.2488
134.88,330.66,52.275,38.807,-200,112.33,2.4516,3.5261
168.46,295.21,54.288,47.635,-200,205,1.7524,2.3339
145.38,294.32,71.281,64.135,-200,195.24,2.0244,3.5957
186.05,262.36,54.882,57.932,-200,273.33,1.4102,2.6
176.96,274.13,55.815,58.051,-200,264.52,1.5491,2.8353
187.65,372.41,57.071,59.337,-200,200,1.9846,2.056
0,146.32,57.728,58.618,-200,273.33,0,0
120.56,261.99,58.214,58.226,-200,273.33,2.1731,3.8512
178.53,290.48,60.702,57.832,-200,205,1.627,2.4857
183.62,321.71,60.402,57.774,-200,264.52,1.752,2.0177
180.9,238.26,61.722,59.017,-200,205,1.3171,2.128
180.51,270.29,62.23,46.376,-200,745.45,1.4974,2.5752
210.2,280.45,24.735,26.42,-200,200,1.3342,2.2387
178.69,266.28,13.924,26.743,-200,264.52,1.4902,2.5377
202.32,233.86,15.406,25.927,-200,264.52,1.1559,2.2895
197.2,247.47,17.424,18.449,-200,273.33,1.2549,2.2532
164.19,283.55,20.263,16.307,-200,200,1.727,2.9742
174.65,285.76,61.817,20.503,-200,264.52,1.6362,2.8065
163.73,270.5,78.659,31.785,-200,264.52,1.6522,2.6396
157.86,266.57,79.771,36.703,-200,160.78,1.6886,2.909
213.75,276.81,78.675,36.151,-200,264.52,1.295,2.6177
0,228.55,77.508,35.757,-200,273.33,0,0
0,183.19,78.543,35.232,-200,205,0,0
197.58,312.47,78.719,34.436,-200,264.52,1.5814,2.5019
186,280.91,78.69,37.728,-200,273.33,1.5103,2.5543
178.19,259.32,78.913,40.509,-200,200,1.4553,2.6323
187.55,270.62,76.191,48.395,-200,273.33,1.4429,2.5019
178.74,268.67,76.191,53.756,-200,273.33,1.5032,2.1948
162.5,310.49,57.696,43.227,-200,683.33,1.9107,2.7275
167.71,312.33,55.911,43.416,-200,282.76,1.8623,2.7342
175.08,353.66,54.656,44.614,-200,200,2.02,3.0612
0,191.34,53.756,44.035,-200,683.33,0,0
134.72,290.53,51.604,44.262,-200,273.33,2.1565,3.287
147.24,248.93,53.193,46.066,-200,273.33,1.6906,3.2371
155.61,311,54.338,46.073,-200,195.24,1.9985,2.0648
135.69,273.97,58.695,51.486,-200,273.33,2.0191,3.2641
134.95,264.69,60.184,47.688,-200,160.78,1.9614,3.4772
194.77,327.32,31.097,36.073,-200,149.09,1.6806,2.2073
180.98,261.33,28.608,37.411,-200,256.25,1.444,2.5638
215.38,359.72,61.911,58.647,-200,630.77,1.6702,1.6718
196.46,319.9,62.626,59.036,-200,264.52,1.6283,2.3438
198.93,328.02,62.388,59.203,-200,273.33,1.6489,2.6206
171.15,266.84,79.752,63.125,-200,273.33,1.5591,2.4962
0,149.26,77.658,65.42,-200,264.52,0,0
128.71,318.33,76.442,64.788,-200,200,2.4732,3.6406
143.9,308.51,72.991,61.829,-200,190.7,2.144,3.6213
0,218.33,70.146,60.114,-200,264.52,0,0
140.24,352.43,68.419,59.309,-200,256.25,2.513,2.9274
154.05,282.69,76.709,69.014,-200,205,1.8351,3.167
179.25,235.95,76.709,58.277,-200,273.33,1.3163,2.2626
158.31,264.78,78.407,56.123,-200,200,1.6726,2.8944
182.06,319.65,82.283,53.648,-200,264.52,1.7557,2.3335
0,160.49,71.986,60.034,-200,264.52,0,0
0,231.52,72.159,53.783,-200,126.15,0,0
162.37,241.27,73.216,55.58,-200,256.25,1.4859,2.8379
194.98,254.28,73.659,55.89,-200,264.52,1.3042,2.1348
162.58,355.34,74.357,56.302,-200,273.33,2.1856,3.3568
150.13,296.82,73.625,59.551,-200,164,1.9771,2.9788
177.07,311.06,55.798,43.796,-200,273.33,1.7567,2.5911
185.69,309.88,19.145,39.785,-200,282.76,1.6688,2.6812
174.7,251.52,19.189,37.636,-200,248.48,1.4397,2.3074
168.97,348.21,16.686,34.737,-200,151.85,2.0607,2.3626
170.83,274.69,54.811,48.235,-200,118.84,1.608,2.5056
126.22,271.07,56.14,54.208,-200,264.52,2.1476,3.755
161.02,334.93,55.488,54.032,-200,273.33,2.08,3.0172
171.45,329.84,55.455,55.591,-200,273.33,1.9238,2.6205
0,185.1,71.902,64.812,-200,273.33,0,0
186.86,369.16,74.056,62.728,-200,273.33,1.9755,2.4746
155.09,299.08,74.362,62.572,-200,160.78,1.9284,3.0395
185.23,339.57,75.569,62.706,-200,256.25,1.8332,2.0176
0,187.24,87.196,66.736,-200,264.52,0,0
197.67,319.23,86.271,65.057,-200,210.26,1.615,1.9117
176.22,281.31,74.726,58.671,-200,273.33,1.5963,2.4036
180.97,267.65,75.688,48.508,-200,264.52,1.479,2.2722
0,199.48,87.222,51.005,-200,205,0,0
152.15,238.28,85.939,41.571,-200,195.24,1.5661,2.981
151.91,251.28,76.171,36.465,-200,683.33,1.6541,2.7788
198.98,265.02,75.101,30.24,-200,256.25,1.3319,2.0867
0,198.28,79.625,27.745,-200,683.33,0,0
166.12,233,79.721,27.492,-200,195.24,1.4026,2.511
187.6,252.48,61.328,23.369,-200,195.24,1.3458,2.357
183.07,283.74,79.735,25.826,-200,273.33,1.5499,2.6774
228.63,244.67,79.701,28.559,-200,205,1.0702,1.9615
182.84,264.92,78.87,28.731,-200,167.35,1.449,2.4701
153.5,232.04,61.1,23.111,-200,264.52,1.5117,3.1711
0,211.36,61.186,22.281,4.166,195.24,0,0
145.13,282.3,61.981,22.28,5.447,241.18,1.9451,3.4714
186.86,267.33,62.533,20.316,8.868,205,1.4306,2.3033
181.8,248.17,61.484,21.627,13.443,264.52,1.3651,2.5513
172.48,245.81,63.516,23.318,16.444,273.33,1.4252,2.5611
201.51,254.02,82.808,38.945,17.469,390.48,1.2606,2.6203
195.42,267.31,63.335,37.013,18.388,186.36,1.3679,2.5905
218.78,277.33,62.815,35.565,20.084,190.7,1.2676,1.9512
216.36,283.63,62.571,34.913,20.287,174.47,1.311,2.1946
0,157.25,62.406,35.167,19.064,178.26,0,0
167.39,235.7,62.383,35.538,18.595,174.47,1.4081,2.3812
166.38,238.94,79.672,42.027,18.336,178.26,1.4361,2.2209
164.9,240.55,78.143,43.26,17.254,178.26,1.4587,2.3109
163.56,230.68,84.776,44.724,15.856,178.26,1.4104,2.2694
162.45,226.34,85.251,42.39,14.724,178.26,1.3932,2.2891
0,167.38,85.251,41.097,14.302,182.22,0,0
165.71,279.11,85.09,44.834,14.166,178.26,1.6843,2.2421
0,168.52,84.964,45.183,14.221,174.47,0,0
0,165.71,86.676,46.784,14.635,182.22,0,0
0,167.1,87.088,49.839,15.207,182.22,0,0
165.56,271.86,85.68,51.323,14.707,186.36,1.6421,2.2405
164.94,244.43,85.68,51.056,13.981,186.36,1.4819,2.232
0,166.48,80.179,45.147,14.314,186.36,0,0
167.45,265.87,86.406,50.037,13.731,186.36,1.5878,2.2272
0,168.95,88.836,50.963,13.821,190.7,0,0
0,170.65,87.472,48.894,14.059,190.7,0,0
0,171.3,89.658,48.264,14.713,190.7,0,0
171.24,273.94,90.747,48.965,15.427,190.7,1.5998,2.2412
173.28,265.96,89.235,45.941,16.113,195.24,1.5349,2.2289
173.35,253.23,89.783,43.617,16.243,195.24,1.4608,2.2434
0,174.62,84.449,40.12,16.546,200,0,0
175.39,253.7,73.76,34.866,17.074,195.24,1.4465,2.2373
175.79,236.69,55.455,27.38,17.337,200,1.3464,2.2576
174.06,230.42,55.759,24.514,18.051,200,1.3238,2.2687
180.23,242.43,55.778,22.03,18.527,205,1.3451,2.2428
175.48,229.04,55.872,20.696,19.159,205,1.3052,2.3234
177.85,232.24,2.3012,7.5391,20.28,205,1.3058,2.3079
179.95,234.57,2.6299,4.089,20.101,205,1.3035,2.2863
173.88,229.57,2.7358,4.0395,19.589,205,1.3202,2.3808
176.3,231.47,2.7662,4.1296,19.669,205,1.3129,2.3662
178.76,235.05,2.8725,3.2899,20.076,210.26,1.3149,2.374
181.23,236.17,2.7413,2.893,19.819,210.26,1.3032,2.3542
180.48,235.99,2.9756,3.1261,20.061,210.26,1.3076,2.3593
182.62,238.6,3.4208,3.5371,19.996,210.26,1.3065,2.3664
181.5,237.52,2.9025,3.1668,19.357,210.26,1.3087,2.3914
181.69,237.05,2.467,2.6812,19.022,210.26,1.3047,2.3798
183.66,239.83,2.1288,2.5201,18.786,205,1.3058,2.3668
185.35,241.05,2.0761,2.3768,18.369,210.26,1.3005,2.3459
185.98,242.45,1.7367,1.9761,18.259,210.26,1.3036,2.3537
186.01,242.28,1.6599,1.9083,18.431,205,1.3025,2.3511
185.14,241.67,1.3529,1.6178,18.37,205,1.3053,2.3517
185.45,241.78,0.92032,0.98193,17.971,205,1.3037,2.3383
183.39,239.42,0.92054,0.94102,18.173,205,1.3055,2.3558
184.39,240.96,0.95247,1.0225,19.318,210.26,1.3068,2.3416
184.18,240.66,0.84273,0.94453,19.464,205,1.3067,2.3572
184.54,241.35,0.68655,0.82828,18.674,210.26,1.3079,2.3468
183.66,240.13,0.6038,0.75495,17.448,205,1.3075,2.3504
183.77,239.92,0.43431,0.61384,17.204,210.26,1.3055,2.3391
184.04,239.99,0.61237,0.76244,17.423,205,1.304,2.3645
183.51,239.9,0.75804,0.8558,17.38,200,1.3073,2.3562
184.04,239.91,1.2317,1.1816,17.703,205,1.3036,2.3397
183.23,239.61,1.617,1.6219,17.725,200,1.3077,2.3552
182.46,238.61,1.81,1.7438,17.975,200,1.3077,2.3397
182.15,238.45,1.8256,1.7304,17.594,200,1.3091,2.3563
180.34,237.03,1.9511,1.9361,17.165,200,1.3144,2.3586
179.38,235.2,2.0838,2.0274,16.903,200,1.3112,2.356
179.74,236.28,2.4369,2.5432,16,195.24,1.3145,2.3695
180.26,236.9,2.8105,2.8563,15.926,195.24,1.3142,2.3321
178.47,234.59,3.1938,3.2998,16.017,195.24,1.3145,2.3478
177.79,234.26,3.3092,3.4304,16.62,195.24,1.3176,2.3516
175.04,230.99,3.483,3.5819,16.122,195.24,1.3196,2.3444
173.73,230.22,3.4797,3.6591,16.436,195.24,1.3251,2.3511
172.35,228.46,3.1609,3.2967,17.075,195.24,1.3256,2.3809
172.02,228.23,2.7663,2.7987,16.192,195.24,1.3267,2.3702
171.4,227.44,2.2017,2.2683,15.693,190.7,1.3269,2.3684
171.95,227.89,1.602,1.7062,15.777,195.24,1.3253,2.3553
172.92,229.35,1.2346,1.4196,16.385,195.24,1.3264,2.3399
169.93,226.27,1.1899,1.3212,16.827,190.7,1.3316,2.3625
171.72,227.9,1.252,1.3033,16.882,190.7,1.3271,2.3365
169.71,225.29,1.8135,1.6007,16.164,190.7,1.3275,2.3514
171.13,227.12,1.7837,1.6371,16.469,186.36,1.3272,2.34
169.44,225.45,1.6946,2.0187,15.689,186.36,1.3306,2.3295
169.41,226.18,1.6357,2.0149,15.478,186.36,1.3351,2.3158
166.53,223.8,1.7052,2.0143,16.729,182.22,1.3439,2.3229
169.93,227.97,1.5431,2.2279,17.23,174.47,1.3415,2.288
170.7,230.54,1.6037,2.3259,16.511,190.7,1.3506,2.287
167.08,224.12,1.6708,2.3265,17.292,195.24,1.3414,2.2874
167.94,226.63,2.0276,2.3069,17.913,170.83,1.3495,2.2823
167.81,222.95,2.0542,2.7462,17.518,182.22,1.3286,2.2681
167.27,228.34,2.2961,3.0638,17.962,182.22,1.3651,2.2807
165.4,227.14,2.0423,3.0215,19.022,182.22,1.3732,2.3009
164.1,226.29,1.5267,4.1365,19.628,182.22,1.379,2.2757
165.18,221.7,1.5084,4.0773,17.928,190.7,1.3422,2.2782
163.94,221.27,2.2998,10.683,17.701,186.36,1.3497,2.2887
166.35,227.39,3.2258,14.596,18.119,190.7,1.367,2.2675
167.72,235.56,3.7688,16.126,19.829,186.36,1.4045,2.266
166.68,225.95,4.3472,21.8,18.111,190.7,1.3556,2.2412
171.86,257.52,53.71,29.558,17.932,190.7,1.4985,2.2228
173.77,262.38,54.217,34.213,17.877,190.7,1.5099,2.2133
173.38,256.3,54.732,38.765,18.737,190.7,1.4782,2.2284
175.47,284.61,55.131,38.298,19.432,190.7,1.6219,2.2132
0,178.17,55.433,38.158,18.998,186.36,0,0
178.36,295.9,55.758,35.887,19.724,190.7,1.659,2.1992
178.87,310.24,55.897,35.782,18.567,190.7,1.7345,2.1987
178.33,278.1,56.01,35.746,16.928,186.36,1.5595,2.1937
177.35,284.29,56.154,35.536,16.127,186.36,1.603,2.211
178,260.79,56.143,35.773,15.46,190.7,1.4651,2.1998
176.39,262.22,1.2797,20.402,14.646,186.36,1.4866,2.2071
177.26,265.88,1.7394,19.85,14.539,186.36,1.4999,2.208
177.89,265.89,1.9023,14.008,14.513,186.36,1.4946,2.1976
175.13,244.79,2.4926,14.781,14.704,186.36,1.3978,2.2166
175.37,249.89,3.1159,13.345,14.524,186.36,1.4249,2.2143
173.27,246.88,3.3853,15.017,13.673,186.36,1.4248,2.223
173.19,243.61,3.7424,15.552,13.75,186.36,1.4066,2.2311
170.38,233.42,3.8033,14.26,14.128,190.7,1.37,2.27
168.92,228.09,3.6101,11.226,14.997,190.7,1.3503,2.2668
168.55,224.18,3.641,11.165,15.559,190.7,1.33,2.2884
167.43,223.08,3.192,9.5729,15.499,190.7,1.3324,2.2958
166.77,223.08,2.7817,7.2685,16.691,195.24,1.3376,2.3009
165.24,222.3,1.9865,4.0057,17.224,195.24,1.3453,2.3268
164.47,221.24,1.5748,2.1908,18.211,200,1.3452,2.3501
164.96,220.39,1.5956,1.4434,18.823,200,1.336,2.3511
165.37,221.78,1.6362,1.588,19.234,200,1.3411,2.3694
165.59,221.02,2.0138,1.8325,18.139,205,1.3347,2.3717
167.56,223.46,2.805,2.5624,17.093,210.26,1.3336,2.3725
169.04,224.86,3.599,3.4956,16.527,210.26,1.3302,2.3772
168.82,225.13,4.1823,4.3267,16.392,215.79,1.3335,2.3449
170.27,225.52,4.8637,5.0196,16.269,215.79,1.3245,2.3837
172.99,228.52,6.0724,6.2473,16.568,215.79,1.321,2.3839
175.21,231.17,55.273,15.152,16.17,221.62,1.3194,2.391
176.92,233.4,73.84,19.57,15.696,221.62,1.3193,2.3684
179.63,235.96,74.842,20.756,16.773,221.62,1.3136,2.3766
184.94,240.83,75.825,21.758,18.042,227.78,1.3022,2.3496
0,185.33,87.371,24.303,18.342,227.78,0,0
0,186.41,93.999,25.82,17.832,227.78,0,0
186.99,243.52,96.605,26.211,17.684,234.29,1.3023,2.3576
187.52,244.11,99.061,28.799,17.72,234.29,1.3018,2.3542
0,191.23,98.061,28.3,17.204,234.29,0,0
0,192.83,92.492,26.74,16.301,234.29,0,0
0,197.02,92.492,25.363,16.206,234.29,0,0
199.55,255.91,92.492,23.766,16.96,241.18,1.2824,2.3364
0,203.24,81.651,21.502,17.188,241.18,0,0
0,205.86,63.105,18.178,16.986,241.18,0,0
0,205.13,63.105,17.212,17.374,241.18,0,0
0,207.88,63.105,16.127,17.736,241.18,0,0
0,209.89,63.105,15.234,17.503,241.18,0,0
0,210.69,0,4.5548,17.294,248.48,0,0
0,211.82,0,4.4121,17.91,248.48,0,0
0,213.71,0,4.6044,17.614,248.48,0,0
0,215.05,0,4.2714,17.445,248.48,0,0
0,217.25,0,4.2814,17.854,248.48,0,0
0,217.48,0,4.4413,18.414,248.48,0,0
0,219.6,0,4.1666,19.165,248.48,0,0
0,220.35,0,3.8675,19.673,248.48,0,0
0,222.36,0,3.4962,19.224,248.48,0,0
0,224.05,0,2.9065,18.504,248.48,0,0
0,223.38,0,2.4326,18.671,241.18,0,0
0,224.82,0,1.7486,18.504,241.18,0,0
0,224.8,0,1.3407,18.099,241.18,0,0
0,223.72,0,0.94758,17.305,241.18,0,0
0,222.55,0,1.3974,18.394,234.29,0,0
0,222.37,0,1.9559,18.495,241.18,0,0
0,222.98,0,2.4151,17.645,234.29,0,0
0,222.65,0,2.606,17.239,234.29,0,0
0,220.05,0,3.0513,17.396,234.29,0,0
0,218.59,0,3.3937,17.985,234.29,0,0
0,217.94,0,3.6875,17.793,234.29,0,0
0,217.37,0,3.9692,17.651,234.29,0,0
0,214.57,0,3.6995,18.157,234.29,0,0
0,213.84,0,3.3149,19.058,227.78,0,0
0,213.11,0,3.3605,20.324,221.62,0,0
0,211.45,0,3.4685,19.439,227.78,0,0
0,212.16,0,3.2663,19.648,221.62,0,0
0,210.47,64.544,15.887,20.092,221.62,0,0
0,208.47,85.797,21.046,19.886,215.79,0,0
0,207.28,85.797,21.889,19.97,215.79,0,0
0,207.53,85.797,22.92,19.918,215.79,0,0
204.11,260.56,97.105,25.18,19.843,210.26,1.2766,2.2452
202.86,259.78,102.99,26.559,19.842,210.26,1.2805,2.2794
0,200.8,104.47,26.952,19.593,210.26,0,0
0,197.32,101.76,26.398,19.249,215.79,0,0
195.98,251.94,101.76,28.362,18.774,210.26,1.2855,2.2651
194.49,251.39,101.76,30.551,18.961,205,1.2925,2.3809
193.16,249.4,100.43,29.208,18.997,200,1.2911,2.3063
190.85,247.52,101.56,29.454,18.346,390.48,1.2969,2.3496
0,192.5,101.56,30.786,17.491,390.48,0,0
0,189.62,101.56,31.755,17.206,205,0,0
188.82,245.25,100.31,30.605,17.213,390.48,1.2989,2.305
0,188.36,99.12,29.382,17.226,200,0,0
0,187.27,97.82,28.101,17.272,200,0,0
0,187.31,96.566,26.775,17.658,200,0,0
183.94,240.25,96.566,28.175,17.318,372.73,1.3061,2.2869
183.17,239.69,94.103,27.551,17.07,200,1.3086,2.3248
180.86,237.22,92.971,26.378,17.961,190.7,1.3116,2.2891
179.02,235.12,86.66,24.799,17.369,182.22,1.3134,2.2621
0,179.88,75.41,21.986,17.177,200,0,0
176.98,233.68,56.44,17.634,16.753,200,1.3204,2.2163
175.89,232.34,56.067,17.205,15.933,200,1.3209,2.3413
175.3,231.12,55.67,16.718,15.192,200,1.3185,2.323
174.34,230.26,55.314,16.325,15.01,205,1.3207,2.3273
173.54,229.69,55.054,16.026,14.446,210.26,1.3235,2.3986
174.1,230.63,1.8078,2.0158,13.714,210.26,1.3247,2.3776
172.73,228.84,1.446,1.5546,14.251,215.79,1.3249,2.3548
171.11,227.23,1.2014,1.2456,14.117,215.79,1.328,2.4202
172.06,227.82,1.546,1.5882,14.29,221.62,1.3241,2.3733
172.84,228.58,2.4068,2.5729,13.958,221.62,1.3225,2.3492
173.62,229.37,3.4821,3.6789,14.249,234.29,1.3211,2.3571
173.82,230.11,55.429,15.159,14.947,234.29,1.3238,2.384
176.89,232.85,56.044,16.096,15.57,241.18,1.3163,2.347
179.32,235.91,74.854,20.249,16.696,241.18,1.3156,2.3854
182.03,238.48,76.115,21.883,17.249,630.77,1.3101,2.3532
0,184.52,77.549,23.624,18.268,248.48,0,0
186.96,243.43,89.314,24.929,18.443,248.48,1.3021,2.398
0,189.04,96.267,25.196,19.364,256.25,0,0
193.5,250.17,99.151,25.177,19.761,264.52,1.2928,2.3757
197.58,254.25,103.18,29.731,19.27,264.52,1.2868,2.2946
0,203.56,107.05,33.466,19.255,273.33,0,0
0,213.47,107.04,32.909,19.108,273.33,0,0
0,214.96,110.81,36.24,19.237,273.33,0,0
215.43,273.41,105.28,33.099,19.414,282.76,1.2691,1.9837
218.35,275.57,107.99,35.043,19.684,282.76,1.262,1.4349
224.74,282.34,109.84,35.512,19.984,282.76,1.2563,1.6087
231.3,287.78,96.431,29.705,20.055,282.76,1.2442,1.7657
233.54,290.78,72.71,22.382,20.426,282.76,1.2451,1.5911
235.97,291.86,7.8978,6.304,20.6,282.76,1.2368,1.4068
229.76,278.18,6.3335,5.2151,20.029,282.76,1.2108,1.4142
235.83,285.27,5.1928,4.4587,20.216,282.76,1.2097,1.3951
234.29,282.07,4.1963,4.2694,20.558,282.76,1.2039,1.4071
239.16,287.61,4.2664,4.3196,20.058,282.76,1.2026,1.3949
237.22,284.53,4.2854,4.1928,20.376,282.76,1.1994,1.4016
243.48,290.85,4.5082,3.9823,21.621,282.76,1.1945,1.3793
240.59,287.65,3.6267,3.0444,22.127,282.76,1.1956,1.3928
242.53,288.96,3.2988,2.9351,22.097,282.76,1.1914,1.386
241.95,289.34,2.4396,2.0668,22.244,282.76,1.1959,1.3936
243.32,290.11,2.7801,2.6564,21.621,282.76,1.1923,1.3895
245.25,291.69,2.069,2.0218,21.425,282.76,1.1893,1.3796
242.5,289.26,2.229,2.2291,22.113,282.76,1.1928,1.3935
244.38,290.63,1.8899,1.9527,22.119,282.76,1.1892,1.3855
247.65,294.74,1.8053,1.821,21.658,282.76,1.1901,1.3816
245.78,292.44,1.5536,1.6813,21.19,282.76,1.1898,1.3858
246.41,293.52,1.4686,1.6127,20.809,282.76,1.1912,1.3839
245.23,292.18,1.7827,1.8829,21.248,282.76,1.1914,1.3868
243.42,290.23,1.6118,1.7125,20.934,282.76,1.1923,1.3897
244.48,290.99,1.8034,1.8561,20.731,273.33,1.1902,1.3845
245.57,292.36,2.308,2.2491,20.362,273.33,1.1905,1.3782
241.85,288.74,2.4615,2.3923,19.757,273.33,1.1939,1.3926
245.52,291.46,2.2669,2.1741,19.164,273.33,1.1871,1.3757
242.44,289.28,2.1844,2.0221,18.62,273.33,1.1932,1.392
239,285.92,2.4184,2.2312,18.254,264.52,1.1963,1.4006
240.4,287.31,2.2709,2.0952,18.022,273.33,1.1951,1.3948
241.78,287.91,1.9127,1.9686,18.087,264.52,1.1908,1.386
241.09,288.1,2.0638,2.1167,17.863,264.52,1.195,1.3892
239.04,285.93,1.4795,1.793,18.207,264.52,1.1962,1.3952
241.79,288.72,1.3631,2.3962,18.43,256.25,1.1941,1.3839
242.89,291.7,1.2947,2.3916,17.967,256.25,1.201,1.3867
239.08,286.01,1.3205,3.8897,18.622,256.25,1.1963,1.3904
239.7,287.4,1.7975,3.8315,18.253,248.48,1.199,1.3915
241.13,292.94,1.9846,3.9148,17.783,248.48,1.2149,1.3701
239.62,290.93,4.9244,6.4249,18.405,248.48,1.2141,1.3744
241.55,298.67,5.4122,6.597,17.66,248.48,1.2365,1.438
236.64,290.23,5.2272,6.5458,17.402,241.18,1.2265,1.39
237.34,293.63,74.822,18.982,17.523,241.18,1.2372,1.3562
225.69,274.21,99.459,25.385,17.26,234.29,1.215,1.4173
230.21,284.72,113.51,29.561,17.88,234.29,1.2368,1.3774
232.57,290.14,120.91,32.199,18.164,234.29,1.2476,2.1528
0,232.77,122.57,32.018,18.718,234.29,0,0
0,229.67,119.55,31.521,18.963,227.78,0,0
0,225.34,110.87,28.822,19.583,227.78,0,0
0,222.8,97.564,27.495,19.862,221.62,0,0
0,223.65,73.544,22.307,19.474,215.79,0,0
0,220.27,0,7.2911,20.28,215.79,0,0
0,217.43,0,7.2023,20.255,215.79,0,0
0,215.61,0,6.9664,20.517,215.79,0,0
0,213.02,63.76,15.054,20.537,215.79,0,0
0,209.61,63.76,16.208,20.043,215.79,0,0
0,207.15,63.76,17.055,19.778,210.26,0,0
0,206.17,83.722,20.692,19.021,210.26,0,0
201.63,258.51,94.777,22.784,19.09,210.26,1.2821,2.242
0,199.69,94.777,24.359,18.754,210.26,0,0
0,198.1,100.51,25.792,17.641,205,0,0
195.44,251.52,100.51,27.409,16.749,210.26,1.2869,2.3389
191.35,247.87,100.51,28.889,15.107,205,1.2954,2.3157
0,193.46,100.51,30.145,14.136,210.26,0,0
189.78,246.61,92.848,27.51,14.567,210.26,1.2995,2.3194
0,190.9,92.848,28.364,14.871,215.79,0,0
0,189.22,98.181,29.827,14.972,215.79,0,0
0,189.21,96.534,28.179,15.231,221.62,0,0
0,186.17,95.457,27.067,14.842,221.62,0,0
0,186.04,97.219,27.81,15.203,227.78,0,0
183.61,240.15,94.543,26.772,15.152,234.29,1.3079,2.2986
182.75,238.73,96.79,27.938,15.462,234.29,1.3063,2.3228
183.12,239.58,95.238,28.101,15.523,241.18,1.3083,2.2277
182.85,239.15,89.486,27.178,16.474,248.48,1.3079,2.2734
0,184.55,89.486,26.067,17.225,248.48,0,0
185.87,242.17,89.486,24.406,17.796,256.25,1.3029,2.2359
188.2,244.8,95.794,25.175,17.519,256.25,1.3007,2.2069
189.93,246.66,98.048,24.763,17.938,256.25,1.2987,2.3658
0,193.73,96.434,23.857,17.564,264.52,0,0
0,196.94,90.817,22.556,17.281,264.52,0,0
0,200.52,90.817,19.957,16.85,264.52,0,0
0,210.32,79.718,18.131,16.432,273.33,0,0
0,211.27,60.06,15.602,15.141,273.33,0,0
0,213.66,0,12.422,12.135,282.76,0,0
0,217.57,0,12.077,10.446,282.76,0,0
0,221.36,75.301,26.175,13.489,282.76,0,0
0,226.36,100.26,32.346,15.494,292.86,0,0
0,231.14,115.39,36.495,15.994,292.86,0,0
0,232.8,124.23,38.644,16.955,303.7,0,0
238.12,294.82,127.6,39.114,17.561,315.38,1.2381,1.8665
237.44,295.23,125.2,36.685,17.992,341.67,1.2434,1.5694
241.07,298.55,117.84,33.968,17.888,341.67,1.2384,1.4459
245.5,302.35,103.52,29.44,17.82,356.52,1.2316,1.4852
248.04,305.89,78.274,22.594,18.035,356.52,1.2332,1.3658
244.04,293.37,8.1753,6.2493,19.316,356.52,1.2021,1.3721
252.32,307.61,9.3477,6.6075,25.594,356.52,1.2191,1.333
254.79,307.56,10.462,7.2603,23.35,356.52,1.2071,1.3415
257.84,309.88,10.401,7.9578,19.095,356.52,1.2018,1.3549
260.68,307.36,82.376,17.685,18.872,372.73,1.179,1.3443
267.12,313.78,110.01,17.7,19.681,372.73,1.1747,1.3337
273.45,318.89,126.91,17.309,20.148,372.73,1.1662,1.3051
270.45,321,136.47,17.652,20.941,372.73,1.1869,1.3748
0,259.03,140.21,17.928,21.319,372.73,0,0
0,301.48,138.39,18.717,21.28,372.73,0,0
0,303.52,130.6,19.671,21.413,372.73,0,0
0,316.05,114.67,20.353,21.202,372.73,0,0
0,315.76,85.525,20.716,20.793,372.73,0,0
0,323.69,0,21.435,20.349,356.52,0,0
0,327.28,0,10.387,20.628,356.52,0,0
0,326.67,0,8.7158,21.436,356.52,0,0
0,325.32,0,6.1185,21.03,356.52,0,0
0,331.07,0,5.2189,21.141,356.52,0,0
0,327.81,0,5.5076,21.543,356.52,0,0
0,331.81,0,5.3673,21.615,356.52,0,0
0,333.9,0,5.3868,21.212,356.52,0,0
0,331.37,0,5.3847,21.039,356.52,0,0
0,314.62,0,6.1769,20.507,356.52,0,0
0,328.92,0,6.8933,20.15,356.52,0,0
0,329.53,0,6.8981,19.839,356.52,0,0
0,329.78,0,8.2696,18.837,341.67,0,0
0,318.59,0,7.589,17.762,341.67,0,0
0,317.01,0,6.8832,17.573,341.67,0,0
0,324.34,0,6.5026,17.442,341.67,0,0
0,309.53,0,6.0484,16.671,341.67,0,0
0,318.28,0,5.7378,16.684,341.67,0,0
0,319.91,0,4.4958,15.793,341.67,0,0
0,322.12,0,4.4985,16.143,328,0,0
0,323.37,0,4.4756,17.036,328,0,0
0,313.39,0,4.4786,17.72,328,0,0
0,318.14,0,3.7937,18.095,315.38,0,0
0,318.96,0,4.4454,17.67,315.38,0,0
0,317.83,0,8.2281,15.987,303.7,0,0
0,311.53,0,8.2516,15.179,303.7,0,0
0,313.93,0,7.9893,15.405,292.86,0,0
0,310.34,0,8.4314,15.763,292.86,0,0
0,294.48,0,8.5143,16.61,282.76,0,0
0,304.77,87.824,9.3159,17.962,282.76,0,0
0,301.55,115.29,9.5459,17.904,282.76,0,0
0,301.06,133.3,10.448,17.862,273.33,0,0
0,297.71,141.7,10.323,18.716,264.52,0,0
277.72,323.61,142.97,10.356,18.971,256.25,1.1652,1.3475
269.05,319.61,139.34,9.2237,18.709,256.25,1.1879,1.3881
280.88,321.49,129.74,10.775,19.087,256.25,1.1446,1.3264
269.6,310.74,113,10.543,19.06,256.25,1.1526,1.336
257.87,305.07,84.702,10.319,18.304,248.48,1.1831,1.3953
262.08,307.43,8.4489,9.7004,17.726,248.48,1.1731,1.3581
260.03,291.49,8.0634,9.0041,17.523,248.48,1.121,1.3295
262.2,307.52,8.7081,8.0534,16.983,248.48,1.1728,1.3442
261.32,314.21,7.1671,6.2351,16.677,248.48,1.2024,1.3513
255.55,303.56,7.9246,6.299,17.014,248.48,1.1879,1.342
253.47,299.91,10.06,7.0473,16.783,248.48,1.1832,1.3338
250.29,305.67,11.605,8.3826,16.293,248.48,1.2213,1.594
244.08,301.94,12.667,9.3444,16.186,248.48,1.237,1.3801
239.27,296.86,12.321,9.9632,16.101,248.48,1.2407,1.4993
234.33,293.01,11.526,9.1137,16.265,248.48,1.2504,2.0031
229.87,286.07,10.794,9.3914,15.181,248.48,1.2445,2.3043
227.65,284.83,9.4026,9.6049,15.17,248.48,1.2512,2.0064
228.32,284.25,7.3074,7.9784,13.639,256.25,1.2449,2.2936
224.45,280.9,5.7591,6.3857,12.007,256.25,1.2515,2.1676
223.23,279.51,4.2875,4.9095,12.426,256.25,1.2521,2.1633
222.64,278.84,3.1596,3.2589,13.937,256.25,1.2524,2.1596
223.76,280.32,2.6173,2.7154,14.696,264.52,1.2528,2.295
221.03,277.23,2.3124,2.2159,15.861,273.33,1.2543,2.2417
221.19,277.13,1.3503,1.4136,15.755,273.33,1.2529,2.3019
221.67,278,1.2928,1.3398,16.801,282.76,1.2541,2.275
221.35,278.37,1.4429,1.6184,17.445,303.7,1.2576,2.1767
220.63,277.17,1.7213,1.9023,17.988,303.7,1.2563,2.216
223.64,280.25,2.5493,2.7251,17.821,315.38,1.2531,1.989
224.1,280.42,3.0226,3.3432,17.92,315.38,1.2513,2.2768
224.49,281.64,4.0354,4.1301,18.705,328,1.2546,2.3008
225.4,282.11,4.8877,4.9113,18.897,328,1.2516,1.9427
228.67,285.43,6.0915,6.2648,19.152,328,1.2482,1.9084
229.14,286.8,7.41,7.5484,18.995,341.67,1.2516,2.0558
233.37,289.78,8.433,7.9095,18.724,341.67,1.2417,1.8448
235.22,291.95,10.19,9.0992,19.059,341.67,1.2411,1.6885
240.08,297.45,9.8385,9.4284,19.153,341.67,1.239,1.5384
245.28,302.29,10.959,9.1747,18.88,341.67,1.2324,1.4719
246.84,299.9,12.357,9.7063,18.181,356.52,1.2149,1.3777
255.03,308.44,11.972,8.7168,18.166,341.67,1.2094,1.3528
247.84,308.24,12.95,8.3711,18.012,356.52,1.2437,1.4498
261.4,309.57,81.704,9.7268,18.238,356.52,1.1843,1.3646
267.36,316.56,83.608,11.515,18.575,356.52,1.184,1.3761
264.29,311.05,85.107,13.144,18.475,356.52,1.1769,1.3768
275.39,318.24,113.6,13.341,18.372,372.73,1.1556,1.3476
0,285.56,130.78,13.627,18.901,372.73,0,0
286.4,328.2,141.4,13.701,19.591,372.73,1.146,1.3229
285.42,330.84,145.5,13.78,19.082,372.73,1.1591,1.341
0,298.03,143.62,13.605,18.736,372.73,0,0
0,302.4,136.44,98.816,18.531,390.48,0,0
0,305.79,120.55,98.931,18.521,390.48,0,0
0,305.94,120.55,99.796,18.974,390.48,0,0
0,310.6,90.258,99.718,19.51,390.48,0,0
0,0,0,99.654,20.804,390.48,0,0
0,320.75,0,100.67,20.321,390.48,0,0
0,320.18,0,101.69,19.082,390.48,0,0
0,326.66,0,102.61,18.68,390.48,0,0
0,329.65,0,102.85,19.473,390.48,0,0
0,328.73,0,104.48,20.881,390.48,0,0
0,332.47,0,10.758,19.882,390.48,0,0
0,333.76,0,10.519,19.81,390.48,0,0
0,317.06,0,10.846,19.439,390.48,0,0
0,351.63,0,11.458,18.824,390.48,0,0
0,343.92,0,13.573,18.337,390.48,0,0
0,339.69,92.543,14.008,18.812,390.48,0,0
0,349.65,92.543,14.993,19.009,390.48,0,0
0,321.15,92.543,15.512,18.711,390.48,0,0
0,359.04,128.27,18.41,18.264,390.48,0,0
292.65,353.52,128.27,18.561,18.707,390.48,1.208,1.3361
0,360.01,128.27,19.352,20.999,390.48,0,0
0,360.16,136.15,21.734,20.515,390.48,0,0
315.24,393.33,136.15,21.684,19.191,390.48,1.2477,1.4262
0,345.71,136.15,17.778,18.817,390.48,0,0
0,333.75,148.27,18.345,18.962,390.48,0,0
226.94,386.89,137.47,18.228,19.127,390.48,1.7048,1.9355
0,351.32,137.47,18.259,18.749,390.48,0,0
0,359.6,137.47,18.399,18.054,390.48,0,0
300.29,374.87,112.49,14.739,17.963,372.73,1.2483,1.295
0,356.19,143.75,14.692,18.805,372.73,0,0
0,358.29,143.75,13.982,19.687,372.73,0,0
0,354.75,137.05,11.39,18.001,372.73,0,0
0,351.63,137.05,11.288,17.429,372.73,0,0
347.61,370.92,137.05,11.222,17.936,372.73,1.0671,1.1325
0,337.51,109.93,9.3965,18.309,372.73,0,0
0,342.33,109.93,11.424,18.126,372.73,0,0
0,355.32,109.93,11.076,18.475,372.73,0,0
0,355.86,109.93,11.007,18.806,372.73,0,0
0,345.04,109.93,12.32,18.372,372.73,0,0
0,331.52,0,10.662,18.388,372.73,0,0
0,349.96,0,10.497,18.713,356.52,0,0
0,353.27,0,10.591,18.768,356.52,0,0
0,331.4,0,10.223,19.123,356.52,0,0
0,327.16,0,11.155,19.019,356.52,0,0
0,342.34,0,11.24,19.043,356.52,0,0
0,348.16,0,11.18,19.183,356.52,0,0
0,351.78,0,10.534,19.144,341.67,0,0
0,322.71,0,12.627,18.757,356.52,0,0
0,333.01,0,12.694,18.336,341.67,0,0
0,332.35,0,17.022,17.879,328,0,0
0,336.57,0,16.479,17.362,341.67,0,0
0,308.28,0,15.089,17.014,341.67,0,0
0,328.94,0,12.169,16.877,328,0,0
0,297.32,0,12.189,16.94,328,0,0
0,330.1,0,11.751,17.517,328,0,0
0,322.55,0,11.256,18.368,328,0,0
0,324.89,0,10.355,18.666,328,0,0
0,321.33,0,9.6769,18.868,315.38,0,0
0,324.91,0,9.2821,19.069,328,0,0
0,320.76,0,6.2097,19.337,315.38,0,0
0,310.79,0,5.9727,20.163,315.38,0,0
0,317.78,0,7.2051,20.7,303.7,0,0
0,313.92,0,7.3322,20.903,303.7,0,0
0,312.16,0,8.2868,21.52,303.7,0,0
0,308.83,0,8.7919,21.729,303.7,0,0
0,303.47,0,8.5836,21.551,303.7,0,0
0,303.99,0,9.5045,20.609,292.86,0,0
0,298.15,91.923,14.135,19.938,292.86,0,0
0,292.4,91.923,15.039,19.367,292.86,0,0
0,294.27,119.33,16.149,19.898,292.86,0,0
0,290.85,135.56,17.054,20.549,292.86,0,0
290.69,338.66,144.33,17.813,19.512,282.76,1.165,1.3354
0,286.1,146.88,17.839,19.719,282.76,0,0
275.06,323.12,143.21,17.525,20.445,282.76,1.1747,1.3567
275.77,321.59,132.93,16.523,20.602,282.76,1.1662,1.3462
275.97,321.85,115.31,15.802,20.179,273.33,1.1662,1.346
275.27,312.03,86.503,14.055,19.91,273.33,1.1335,1.3226
270.06,311.56,85.405,10.958,19.651,273.33,1.1537,1.3366
260.62,308.15,6.6542,6.7668,19.282,264.52,1.1823,1.3863
257.68,302.4,6.5129,5.862,19.149,264.52,1.1735,1.3798
266.77,310.57,6.1143,4.9542,19.024,264.52,1.1642,1.3432
266.4,311.24,5.1187,2.8895,19.05,264.52,1.1683,1.349
264.87,309.84,3.7269,2.7843,19.534,264.52,1.1698,1.3468
262.76,309.6,3.542,3.5068,19.417,256.25,1.1782,1.3556
261.09,306.53,3.5482,3.7456,18.676,256.25,1.1741,1.3509
262.36,308.28,3.5854,3.2662,18.826,256.25,1.175,1.3396
260.07,306.39,3.4464,3.7202,18.783,256.25,1.1781,1.3435
255.92,300.54,3.4835,3.6872,18.134,248.48,1.1743,1.3495
260.47,311.52,3.9373,3.6707,18.841,248.48,1.196,1.2868
257.4,307.32,5.0276,4.0906,19.815,248.48,1.1939,1.3133
256.72,314.14,5.8966,4.6535,19.739,248.48,1.2237,1.3306
253.77,310.8,5.982,4.8931,18.896,241.18,1.2248,1.3902
250.67,307.34,6.6335,5.6008,18.474,241.18,1.2261,1.377
246.46,302.19,7.0036,5.8122,18.399,241.18,1.2261,1.3654
244.98,300.52,6.5396,5.8562,17.698,234.29,1.2267,1.342
245.15,301.73,6.1433,6.2191,17.728,234.29,1.2308,1.3982
240.51,297.62,5.3992,5.195,17.961,234.29,1.2374,1.4024
241.86,298.63,76.88,20.661,17.266,227.78,1.2348,1.5327
239.8,297.08,76.236,20.061,16.614,227.78,1.2389,1.7032
238.58,295.62,75.651,19.78,16.296,221.62,1.2391,2.1437
236.89,294.32,75.015,19.521,15.325,221.62,1.2424,2.2783
0,235.2,74.244,19.036,15.903,215.79,0,0
232.01,288.5,73.632,18.563,20.275,210.26,1.2434,2.1013
227.8,283.66,72.855,17.784,16.53,210.26,1.2452,2.2825
224.43,280.71,72.054,16.933,13.962,200,1.2507,2.2373
221.32,277.32,71.184,15.892,12.379,200,1.253,2.3007
221.77,278.68,70.259,14.607,11.024,195.24,1.2566,2.2688
220.24,276.81,6.5503,6.5356,9.157,195.24,1.2568,2.3185
217.56,273.29,6.2741,6.1683,6.837,195.24,1.2562,2.3233
215.23,271.61,5.9516,5.9308,-200,195.24,1.262,2.3066
212.61,269.33,6.1011,6.0018,-200,190.7,1.2668,2.3206
211.35,267.5,6.5399,6.3995,-200,195.24,1.2657,2.32
207.74,264.3,6.7334,6.632,-200,195.24,1.2723,2.3453
208.03,264.4,7.0537,6.9379,-200,195.24,1.271,2.2962
204.84,261.79,7.4863,7.5563,-200,683.33,1.278,2.3085
202.29,259.41,7.8927,8.1071,-200,683.33,1.2824,2.3126
199.28,255.24,8.0125,8.1229,-200,630.77,1.2808,2.3357
195.51,251.93,8.6058,8.6964,-200,683.33,1.2886,2.334
192.56,248.73,9.4983,9.5772,-200,273.33,1.2917,2.3277
189.9,245.65,9.6127,9.6021,-200,273.33,1.2936,2.3283
189.13,245.89,9.7587,9.6933,-200,264.52,1.3001,2.2979
182.81,239.56,9.0775,8.9889,-200,160.78,1.3105,2.3108
178.76,235.19,7.9133,7.7849,-200,195.24,1.3157,2.3285
176.84,233.98,6.639,6.6414,-200,264.52,1.3231,2.2978
173.61,230.01,5.4411,5.9761,-200,282.76,1.3249,2.3293
175.48,231.05,4.3958,6.7552,-200,273.33,1.3167,2.3036
177.5,235.37,3.0167,6.5808,-200,200,1.3261,2.2586
180.73,242.71,2.9335,8.5461,-200,264.52,1.343,2.2389
180.36,243.83,5.7656,9.2736,-200,264.52,1.3519,2.2227
181.92,250.37,8.971,12.258,-200,273.33,1.3763,2.2176
181.37,244.24,10.34,12.557,-200,273.33,1.3466,2.202
182.19,255.8,15.371,20.156,-200,205,1.4041,2.2214
163.19,228.12,17.243,22.782,-200,630.77,1.3979,2.4565
155.63,214.08,19.863,30.931,-200,273.33,1.3755,2.543
159.02,226.37,20.483,36.496,-200,264.52,1.4235,2.6179
137.53,288.2,19.923,38.865,-200,248.48,2.0956,2.9815
195.2,278.36,20.968,42.741,-200,205,1.4261,1.8769
137.96,314.05,56.181,48.873,-200,630.77,2.2764,3.4195
187.36,317.87,72.855,60.982,-200,126.15,1.6966,2.3188
163.72,307.11,73.606,59.778,-200,282.76,1.8759,2.4019
191.24,208.13,74.753,59.397,-200,164,1.0883,2.2968
0,189.22,75.097,60.334,-200,273.33,0,0
0,140.61,73.531,60.167,-200,273.33,0,0
172.01,252.86,73.647,57.367,-200,210.26,1.47,2.6409
181.16,274.53,72.747,54.209,-200,264.52,1.5154,2.4127
159.24,301.76,72.674,51.289,-200,282.76,1.895,2.5849
172.54,273.22,70.374,50.227,-200,683.33,1.5835,2.8481
149.53,276.14,53.524,45.034,-200,264.52,1.8468,3.2193
173.74,285.66,10.481,13.392,-200,683.33,1.6442,2.6015
161.92,273.25,12.85,10.603,-200,683.33,1.6875,2.4326
151.41,280.89,12.082,14.522,-200,205,1.8551,2.651
173.02,281.19,16.278,19.241,-200,205,1.6251,2.9389
171.26,295.38,17.516,20.121,-200,292.86,1.7247,2.9613
141.71,268.1,17.117,26.071,-200,264.52,1.8919,3.4378
175.43,313.93,17.546,32.933,-200,124.24,1.7895,2.7596
198.14,239.02,17.74,32.791,-200,200,1.2063,2.312
144.83,298.85,54.186,53.482,-200,205,2.0634,3.1134
154.59,229.08,56.41,57.312,-200,273.33,1.4818,2.5586
147.73,339.95,55.914,57.894,-200,210.26,2.3013,3.4123
153.73,283.66,57.636,58.527,-200,273.33,1.8451,2.8411
0,149.61,57.059,56.469,-200,273.33,0,0
201,202.27,54.671,57.635,-200,683.33,1.0064,2.0462
154.29,303.52,54.676,57.468,-200,195.24,1.9672,2.7027
192.38,234.42,54.801,56.29,-200,200,1.2185,2.4509
147.89,289.42,54.857,52.73,-200,683.33,1.957,2.854
160.11,300.57,54.939,52.264,-200,683.33,1.8773,2.8681
143.14,296.35,21.952,34.954,-200,210.26,2.0703,3.1635
129.02,258.2,17.284,29.568,-200,205,2.0012,3.4169
151.86,311.48,18.277,30.976,-200,273.33,2.0511,2.8209
157.16,266.99,13.793,27.105,-200,273.33,1.6989,2.603
148.53,290.95,15.497,28.756,-200,273.33,1.9589,3.0117
133.97,339.48,21.963,28.267,-200,190.7,2.5341,3.055
170.55,254.26,24.16,34.465,-200,200,1.4909,2.9251
128.35,261.23,22.176,34.745,-200,273.33,2.0354,3.2582
169.33,256.12,22.991,35.162,-200,683.33,1.5125,2.3759
198.67,290.51,24.229,34.427,-200,149.09,1.4623,2.4108
187.85,345.24,25.353,35.241,-200,170.83,1.8379,2.4788
169.84,255.35,23.362,33.676,-200,210.26,1.5034,2.5569
140.66,316.42,25.57,32.204,-200,282.76,2.2496,3.0688
136.4,285.97,21.514,31.786,-200,273.33,2.0965,3.6646
185.55,313.26,21.495,36.653,-200,273.33,1.6883,2.3223
162.3,244.89,19.389,44.113,-200,282.76,1.5088,2.8376
197.78,287.21,18.565,42.374,-200,264.52,1.4522,2.3034
171.98,266.74,21.364,42.103,-200,157.69,1.5509,2.1256
171.51,356.19,20.252,43.208,-200,210.26,2.0768,2.6365
168.5,218.93,57.323,51.724,-200,390.48,1.2993,2.6626
156.46,233.81,60.062,49.43,-200,264.52,1.4944,3.0962
199.37,260.43,60.131,50.764,-200,200,1.3063,2.3869
149.13,326.39,58.824,50.504,-200,205,2.1886,3.1946
0,188.44,59.02,50.503,-200,256.25,0,0
218.38,259.25,58.792,41.66,-200,273.33,1.1872,1.9164
149.64,308.78,75.926,46.279,-200,210.26,2.0635,3.0453
173.16,260.02,76.051,45.97,-200,683.33,1.5016,2.8582
177.57,269.1,78.742,46.85,-200,282.76,1.5155,2.3363
151.04,296.07,90.203,44.369,-200,273.33,1.9602,3.0817
0,187.14,79.083,37.61,-200,282.76,0,0
160.54,283.97,76.102,37.621,-200,683.33,1.7688,2.7566
225.04,293.21,76.931,41.548,-200,273.33,1.3029,1.5506
0,215.32,76.46,41.812,-200,256.25,0,0
164.6,274.42,75.861,43.832,-200,273.33,1.6672,2.7839
184.27,272.1,87.286,55.837,-200,273.33,1.4767,2.5674
175.04,334.52,76.216,50.096,-200,256.25,1.9111,2.3399
160.91,251.91,76.34,53.21,-200,264.52,1.5655,3.223
164.66,309.24,70.307,52.691,-200,273.33,1.8781,2.7439
0,156.43,70.307,58.088,-200,264.52,0,0
164.28,275.02,72.503,58.085,-200,264.52,1.6741,2.8643
164.35,324.59,71.123,58.028,-200,273.33,1.975,2.8623
134.67,276.98,71.624,52.706,-200,256.25,2.0567,3.4283
0,177.34,70.968,54.4,-200,264.52,0,0
194.71,254.2,69.862,57.705,-200,256.25,1.3056,2.394
161.93,256.7,54.267,43.721,-200,182.22,1.5853,2.6552
182.01,279.18,53.656,44.16,-200,264.52,1.5339,2.4618
123.05,299.48,54.59,41.044,-200,264.52,2.4338,3.4485
129.04,336.72,70.024,51.563,-200,205,2.6094,4.3575
131.81,279.26,55.794,43.24,-200,264.52,2.1187,3.6589
148.23,295.73,53.571,42.973,-200,273.33,1.995,2.4948
177.93,268.07,58.113,43.842,-200,205,1.5066,2.7384
0,173.02,56.956,43.864,-200,256.25,0,0
175.43,240.5,72.744,46.771,-200,200,1.3709,2.3502
167.35,273.67,73.047,39.326,-200,264.52,1.6353,2.8105
212.59,240.42,73.317,43.613,-200,273.33,1.1309,2.243
160.19,279.95,73.499,46.883,-200,264.52,1.7476,2.5428
0,203.57,73.048,46.801,-200,273.33,0,0
151.45,282.54,56.081,41.156,-200,264.52,1.8656,2.8367
152.47,316.89,72.742,54.741,-200,264.52,2.0783,3.1047
155.37,322.24,72.92,56.917,-200,273.33,2.074,2.2083
170.35,257.71,70.957,57.499,-200,273.33,1.5128,2.6137
170.23,333.2,71.145,57.894,-200,282.76,1.9574,2.6824
0,158.48,53.667,53.343,-200,264.52,0,0
170.69,216.25,56.742,54.295,-200,745.45,1.2669,2.617
194.46,298,60.436,52.587,-200,273.33,1.5324,2.3569
164.27,291.24,60.511,48.141,-200,273.33,1.773,2.6445
147.38,267.05,61.219,55.89,-200,167.35,1.812,3.3804
205.67,240.18,79.918,51.962,-200,683.33,1.1678,2.222
218.95,235.36,61.599,40.981,-200,151.85,1.075,1.6243
170.92,252.86,61.504,41.212,-200,210.26,1.4794,2.785
191.33,344.58,61.937,40.992,-200,190.7,1.8009,2.3471
0,214.49,62.041,40.337,-200,683.33,0,0
139.74,238.64,61.939,40.399,-200,273.33,1.7078,3.022
163.1,315.09,61.947,40.427,12.362,256.25,1.932,2.2768
200.84,294.98,60.523,39.513,14.217,273.33,1.4688,1.8762
147.54,274.32,60.397,38.925,15.21,273.33,1.8592,3.1159
154.55,260.67,59.981,31.525,15.672,122.39,1.6866,3.0407
205.76,300.4,25.58,30.615,15.362,264.52,1.46,2.2586
204.14,245.22,59.815,29.49,14.793,264.52,1.2012,2.1481
164.05,286.32,59.884,28.019,14.356,200,1.7453,2.9785
184.06,251.42,61.078,28.205,14.183,178.26,1.3659,2.1778
146.25,328.8,61.796,28.55,14.187,174.47,2.2482,2.9688
0,246.8,62.02,28.56,14.248,178.26,0,0
145.06,251.26,60.21,27.881,14.238,174.47,1.732,2.9774
213.51,297.13,59.412,26.414,14.061,178.26,1.3917,2.0904
188.8,260.23,77.437,44.212,13.663,174.47,1.3783,2.4774
179.25,287.9,76.194,44.695,13.583,174.47,1.6061,2.5254
164.4,253.31,76.477,38.862,14.032,178.26,1.5408,2.5219
193.51,277.42,58.974,38.756,14.745,182.22,1.4336,2.3756
0,159.75,76.477,45.478,15.417,182.22,0,0
154.88,239.01,72.274,44.639,15.914,186.36,1.5432,2.604
160.18,283.23,80.305,47.157,15.659,190.7,1.7682,2.8237
133.69,260.21,77.626,48.769,16.703,195.24,1.9464,3.183
0,182.07,82.126,58.504,17.361,200,0,0
155.72,289.33,78.946,57.966,17.39,200,1.858,2.88
0,198.43,73.142,53.374,17.148,200,0,0
138.57,301.56,73.629,53.393,17.394,205,2.1762,3.1492
0,140.78,73.52,52.019,17.045,205,0,0
167.34,270.55,74.869,51.822,16.573,390.48,1.6168,2.702
138.63,278.25,65.96,49.126,16.741,210.26,2.0071,3.1639
160.99,237.5,66.036,45.843,17.013,390.48,1.4753,2.5897
158.84,219.03,49.985,45.08,17.318,215.79,1.379,2.3173
156.93,214.85,50.267,37.721,16.663,215.79,1.3691,2.3348
161.78,216.3,7.3752,25.861,15.947,215.79,1.337,2.2913
157.11,213.29,6.4642,21.319,15.726,215.79,1.3576,2.3409
156.92,210.93,2.0461,8.2766,16.252,215.79,1.3442,2.3676
156.72,209.15,1.7516,3.0512,16.189,221.62,1.3346,2.368
155.27,209.57,1.9875,2.5225,15.88,221.62,1.3497,2.3868
158.03,213.27,2.7879,3.4214,15.917,221.62,1.3495,2.3764
156.74,211.93,3.9167,4.756,15.766,221.62,1.3521,2.4033
157.02,212.05,5.3172,6.1867,15.268,221.62,1.3505,2.419
160.7,216.23,6.4017,7.2142,15.152,227.78,1.3456,2.405
164.05,220.2,7.2303,7.7702,15.353,221.62,1.3422,2.3938
167.52,223.93,7.5129,7.919,15.421,227.78,1.3367,2.4052
170.78,226.68,7.8861,8.2828,15.369,227.78,1.3273,2.3543
172.67,228.63,7.6618,8.0315,15.38,227.78,1.3241,2.3198
174.65,230.8,7.1104,7.3156,15.907,221.62,1.3215,2.3592
176.1,232.28,6.4753,6.5666,16.859,221.62,1.319,2.3491
178.2,234.55,55.993,15.329,16.414,221.62,1.3162,2.3515
179.91,236.48,56.733,16.074,16.45,221.62,1.3145,2.3917
183.1,239.45,57.401,16.779,16.641,221.62,1.3077,2.3477
183.79,240.07,58.007,17.339,16.609,215.79,1.3062,2.3332
0,187.03,58.573,17.844,16.848,221.62,0,0
188.21,244.39,59.122,18.295,17.83,215.79,1.2985,2.3371
189.41,246.08,79.085,22.748,18.075,215.79,1.2992,2.3388
190.19,246.66,91.049,25.751,18.264,210.26,1.2969,2.3671
191.34,247.84,91.986,26.688,17.982,210.26,1.2953,2.3722
192.69,249.09,98.864,28.412,17.257,210.26,1.2927,2.3351
0,194.61,98.864,26.951,16.775,205,0,0
0,194.46,101.23,27.675,16.527,210.26,0,0
196.58,252.84,99.521,27.251,16.54,200,1.2862,2.3264
0,196.55,93.494,25.732,16.608,205,0,0
0,197.69,94.604,26.863,16.507,205,0,0
0,197.38,83.233,24.043,16.107,200,0,0
0,198.13,83.233,23.873,15.445,200,0,0
0,198.7,83.233,23.741,15.028,195.24,0,0
198.23,254.83,62.685,18.175,15.068,200,1.2856,2.2904
0,197.87,62.685,18.212,15.298,195.24,0,0
0,197.56,62.685,18.395,15.332,195.24,0,0
0,196.62,82.372,23.297,15.376,190.7,0,0
0,196.19,82.372,23.574,15.452,190.7,0,0
0,195.69,82.372,23.918,15.541,190.7,0,0
0,193.53,80.647,22.106,15.802,190.7,0,0
192.44,248.82,80.647,22.672,16.015,186.36,1.293,2.3343
0,193.22,91.775,25.489,16.003,182.22,0,0
0,192.29,91.775,26.245,16.094,186.36,0,0
190.09,246.37,97.405,27.7,16.205,182.22,1.2961,2.2748
0,188.5,97.405,28.879,16.287,186.36,0,0
187.4,243.42,98.622,29.134,16.274,683.33,1.2989,2.2562
0,186.5,97.169,27.692,16.207,182.22,0,0
184.41,240.96,94.648,27.177,16.157,182.22,1.3067,2.2645
0,182.69,88.149,25.844,15.977,178.26,0,0
180.82,237.15,87.061,24.722,15.727,178.26,1.3115,2.2557
178.64,234.95,75.681,21.909,15.508,178.26,1.3152,1.9206
177.5,233.78,74.841,21.017,15.33,178.26,1.3171,2.2056
177.12,233.9,55.993,16.44,15.221,178.26,1.3205,2.2354
174.64,231.05,55.425,15.78,15.302,178.26,1.323,2.2696
173.16,228.93,4.6125,4.8196,15.458,178.26,1.3221,2.3526
172.09,227.89,4.4329,4.6528,15.304,178.26,1.3242,2.2648
170.9,226.83,4.5384,4.8443,14.982,178.26,1.3273,2.365
169.1,225.42,4.4163,4.6275,14.812,178.26,1.333,2.3121
166.05,221.84,4.3127,4.3891,14.899,182.22,1.3359,2.4041
166.83,222.74,4.2192,4.2526,15.296,182.22,1.3351,2.3942
164.56,219.92,4.1647,4.241,15.733,182.22,1.3364,2.3906
164.32,220.81,4.0402,4.1637,15.955,186.36,1.3437,2.3266
161.61,217.51,4.1317,4.2752,15.915,186.36,1.3459,2.4061
161.2,216.87,4.0794,4.1548,15.536,195.24,1.3453,2.3699
159.77,215.55,4.2006,4.2579,14.902,195.24,1.3491,2.399
158.52,214.26,3.6213,3.6936,13.897,200,1.3516,2.378
155.71,211.43,3.5051,3.7917,12.773,205,1.3578,2.4575
155.34,211.05,2.9245,3.1212,12.306,210.26,1.3586,2.4306
154.8,210.75,2.6424,2.8148,12.582,215.79,1.3614,2.4019
156.73,212.22,2.1738,2.3393,13.369,221.62,1.3541,2.4502
153.53,208.43,1.6987,1.7966,13.898,227.78,1.3576,2.4161
154.36,209.54,1.1403,1.2256,14.495,683.33,1.3575,2.4368
153.71,209.12,1.1651,1.2298,14.684,683.33,1.3605,2.4298
153.32,208.98,1.1186,1.1845,14.745,256.25,1.363,2.3319
153.3,209.35,1.1676,1.1171,15.537,264.52,1.3657,2.3838
154.79,210.34,0.61371,0.57154,15.854,264.52,1.3589,2.4317
152.94,208.48,0.62237,0.52523,15.88,264.52,1.3632,2.4049
153.6,208.82,0.66655,0.5538,15.687,264.52,1.3595,2.4243
152.72,209.24,0.92506,0.84408,15.833,264.52,1.3701,2.479
153.56,208.66,1.2934,1.3224,15.638,273.33,1.3588,2.4512
153.26,208.96,2.1429,2.194,15.246,273.33,1.3635,2.4817
154.64,209.81,2.9983,3.041,15.214,273.33,1.3568,2.424
155.6,211.2,4.1335,4.2737,15.762,273.33,1.3573,2.4969
156.72,212.68,5.4289,5.5462,15.801,273.33,1.357,2.495
159.68,215.35,6.9984,7.1181,15.843,273.33,1.3487,2.3853
161.38,217.02,8.4937,8.6015,15.27,683.33,1.3448,2.4075
165.09,221.21,9.8653,10.165,15.333,273.33,1.3399,2.3926
168.59,224.51,53.538,14.197,15.946,273.33,1.3317,2.3682
173.93,229.4,71.411,16.062,15.946,273.33,1.3189,2.3488
177.92,233.93,73.878,19.524,15.862,273.33,1.3148,2.3216
182.74,239.55,77.054,23.872,15.93,273.33,1.3109,2.3501
0,188.85,80.893,28.283,16.096,273.33,0,0
0,194.85,84.504,32.068,15.697,273.33,0,0
196.86,253.84,88.463,35.778,15.86,273.33,1.2894,2.052
209.36,266.6,91.404,37.95,15.495,264.52,1.2734,2.0845
221.95,277.3,94.055,39.545,15.165,264.52,1.2494,1.981
227.09,283.87,96.451,40.808,15.345,264.52,1.25,1.6666
238.38,293.69,73.822,32.241,15.052,264.52,1.232,1.7556
235.36,292.21,16.165,15.992,14.686,264.52,1.2416,1.731
238.8,295.27,11.975,11.977,14.355,256.25,1.2365,1.6825
242.3,298.97,8.4221,8.6932,14.982,256.25,1.2339,1.499
244.94,301.53,6.8137,6.8295,14.952,256.25,1.231,1.6031
244.28,300.82,5.284,5.3929,14.866,256.25,1.2315,1.4759
246.68,303.7,5.3123,5.3118,15.208,256.25,1.2311,1.3651
246.78,303.11,4.4708,4.5523,16.611,256.25,1.2283,1.3816
250.48,306.99,3.8624,3.9004,17.015,248.48,1.2256,1.4207
251.56,308.03,3.2527,3.2676,17.025,248.48,1.2245,1.4581
251.01,308.07,2.9306,2.998,16.757,248.48,1.2273,1.4251
252.45,309.29,2.191,2.2675,16.641,241.18,1.2251,1.4146
253.39,309.98,1.7529,1.9506,17.103,248.48,1.2234,1.4665
250.62,306.19,1.1558,1.2582,16.949,241.18,1.2217,1.3233
251.34,308.54,1.7362,1.9264,17.499,241.18,1.2276,1.4531
251.25,308.1,2.4819,2.6011,18.522,241.18,1.2263,1.4163
252.1,308.93,2.9749,3.043,18.354,234.29,1.2254,1.4312
249.2,306.21,3.2714,3.1976,18.644,234.29,1.2288,1.4752
247.23,303.39,3.3021,3.2915,18.942,234.29,1.2272,1.379
245.31,302.09,3.7601,3.9708,18.679,227.78,1.2315,1.3637
245.09,301.86,3.9345,4.0727,19.556,227.78,1.2316,1.3916
244.28,301.73,4.0327,4.1169,20.135,221.62,1.2352,1.3656
243.39,299.87,3.5342,3.6754,19.491,221.62,1.232,1.4388
241.29,297.31,3.5299,3.5326,19.355,215.79,1.2322,1.4074
240.56,297.28,3.6397,3.7709,19.332,215.79,1.2358,1.4711
238.88,295.75,4.1448,4.1957,18.56,210.26,1.2381,1.4488
238.51,294.71,4.4279,4.2399,18.519,210.26,1.2357,1.6033
236.28,293.25,4.6365,4.2083,18.871,205,1.2411,1.5891
235.14,291.55,4.9362,4.6695,18.649,205,1.2399,1.6456
232.4,289.32,5.2057,5.1988,20.681,205,1.2449,1.67
231.11,289.13,5.5709,5.6304,18.69,205,1.251,1.5903
229.46,286.94,5.8777,6.0293,17.653,200,1.2505,1.6996
226.8,283.27,5.955,6.2822,17.954,200,1.249,1.8703
225.66,281.81,6.025,6.4491,17.102,195.24,1.2488,2.0625
222.63,279.19,6.2185,6.7876,17.289,195.24,1.254,1.955
220.93,277.12,5.9536,6.5322,18.187,195.24,1.2543,1.9677
218.9,275.16,5.9305,6.1804,18.615,195.24,1.257,1.9009
217.29,273.14,6.211,6.1047,17.82,195.24,1.257,1.9707
213.79,269.75,68.848,20.737,17.948,195.24,1.2617,1.8969
215.4,271.6,68.178,20.083,18.523,195.24,1.2609,2.0826
211.44,268.1,67.521,19.519,18.634,195.24,1.268,2.0616
207.41,264.39,89.407,27.181,17.756,195.24,1.2748,2.0504
0,209.91,101.86,31.601,17.356,195.24,0,0
206.68,263.57,100.31,30.358,16.827,195.24,1.2752,2.2842
202.84,259.33,106.63,33.393,16.678,195.24,1.2785,2.3287
0,199.88,107.8,33.994,17.258,195.24,0,0
0,197.84,104.68,33.317,16.576,200,0,0
193.41,249.99,101.84,30.667,16.151,200,1.2925,2.3196
0,191.11,102.6,31.137,15.864,200,0,0
0,190.96,99.825,28.236,15.856,200,0,0
0,188.02,97.206,25.312,16.38,200,0,0
184.67,240.73,94.651,24.996,15.699,205,1.3036,2.3284
183.53,240.04,88.012,23.828,15.24,205,1.3079,2.329
180.85,237.43,86.456,22.08,14.899,205,1.3128,2.3432
179.05,234.85,75.078,19.333,14.304,210.26,1.3117,2.3471
177.1,233.37,56.189,15.196,13.749,210.26,1.3177,2.3117
174.74,230.7,5.9207,6.0314,13.566,215.79,1.3202,2.3221
171.72,227.84,5.5171,5.6752,13.629,215.79,1.3268,2.3703
170.08,226.54,4.7311,4.8382,13.314,221.62,1.332,2.369
170.59,226.43,4.048,4.0324,12.892,221.62,1.3273,2.3885
167.91,223.79,3.1205,3.139,12.794,227.78,1.3328,2.3746
168.27,224.24,2.1338,2.1276,13.09,234.29,1.3326,2.3408
168.6,224.57,1.324,1.3945,13.38,234.29,1.332,2.3788
167.74,223.95,0.9763,1.0958,13.358,241.18,1.3351,2.3807
169.21,226.2,0.9273,1.0078,13.218,248.48,1.3368,2.3776
169.31,225.26,0.78916,0.92007,13.131,256.25,1.3304,2.3599
167.88,224.01,0.76619,0.84465,13.057,264.52,1.3343,2.3937
169.37,225.79,0.84838,0.84146,12.854,264.52,1.3331,2.3549
169.66,225.81,1.1584,1.1174,12.61,273.33,1.331,2.3347
169.82,225.75,1.2628,1.1961,12.499,273.33,1.3293,2.3515
169.62,225.6,1.7891,1.8448,12.42,273.33,1.33,2.3668
170.4,226.16,2.0216,2.0162,12.565,273.33,1.3272,2.3601
171.79,227.86,2.3418,2.356,12.84,282.76,1.3263,2.3635
172.18,228.14,2.8055,2.9679,12.93,282.76,1.325,2.3575
174.09,230.48,3.2828,3.4516,13.665,282.76,1.3239,2.3727
173.75,229.53,4.0003,4.1231,14.429,292.86,1.321,2.3907
176.18,232.26,4.7133,4.8711,14.464,292.86,1.3183,2.3531
177.46,234.06,5.3129,5.449,14.47,292.86,1.3189,2.3621
179.06,235.23,5.8979,6.1019,14.846,292.86,1.3137,2.3728
182.11,238.19,6.7097,6.885,15.327,292.86,1.308,2.3701
184.9,241.33,58.05,14.791,15.556,292.86,1.3052,2.3652
186.91,243.33,77.609,18.211,15.326,292.86,1.3018,2.3622
189.04,245.8,79.43,20.634,15.091,292.86,1.3003,2.3637
193.42,249.91,81.421,22.956,15.315,292.86,1.2921,2.21
0,196.62,83.213,24.833,15.131,292.86,0,0
0,201.12,85.099,26.835,14.612,292.86,0,0
206.24,262.42,87.284,29.088,14.613,282.76,1.2724,2.2668
211.19,266.71,89.937,31.856,15.4,282.76,1.2629,2.1728
211.82,268.5,92.959,34.897,15.614,292.86,1.2676,2.0444
216.82,274.1,95.547,37.271,16.094,282.76,1.2642,1.9825
224.57,281.11,73.488,30.652,16.389,282.76,1.2518,1.9608
234.6,291.14,17.485,17.926,17.264,282.76,1.241,1.8178
244.19,300.54,17.118,17.521,18.023,282.76,1.2307,1.638
245.17,302.91,16.343,16.513,18.137,282.76,1.2355,1.5296
249.14,306.65,14.472,14.562,18.129,282.76,1.2308,1.4947
251.97,309.3,11.961,12.167,18.114,282.76,1.2276,1.4021
255.5,312.72,8.8245,8.6445,18.128,273.33,1.2239,1.4409
257.36,314.3,7.0158,6.6592,17.822,273.33,1.2212,1.3867
260.68,317.54,6.9587,6.6859,18.022,273.33,1.2181,1.45
262.78,319.99,6.1572,6.0468,17.756,273.33,1.2177,1.3706
259.05,311.22,5.1576,5.5349,16.746,273.33,1.2014,1.3293
263.43,319.18,4.3571,8.6345,15.927,264.52,1.2116,1.2963
267.71,324.9,3.9803,9.1816,16.293,264.52,1.2136,1.3153
267.34,323.27,3.7776,9.5363,17.126,264.52,1.2092,1.3351
265.04,310.11,3.9039,9.9638,17.296,256.25,1.1701,1.3189
256.96,294.69,4.5225,10.022,17.044,256.25,1.1469,1.3414
258.48,304.88,4.4715,10.027,17.567,248.48,1.1795,1.3596
259.31,305.82,4.4161,9.4422,17.92,248.48,1.1794,1.355
258.75,302.33,4.6438,7.9261,18.076,248.48,1.1684,1.3465
254.49,300.83,3.7685,5.0993,17.816,241.18,1.1821,1.3719
261.9,307.61,3.0734,5.2813,17.922,241.18,1.1745,1.3246
261.78,310.55,3.1234,4.7735,18.893,234.29,1.1863,1.3407
251.89,298.4,3.1321,5.2028,19.39,234.29,1.1846,1.3738
258.05,306.46,3.131,6.0191,19.323,227.78,1.1876,1.3608
259.56,311.41,3.1307,5.9744,19.185,227.78,1.1997,1.3447
260.43,313.29,2.8421,5.3593,19.625,227.78,1.203,1.3138
259.2,313,2.9081,5.2631,20.162,221.62,1.2075,1.3136
259.27,316.75,2.8869,5.2594,19.971,221.62,1.2217,1.3035
258.31,314.64,2.4814,2.7644,19.764,215.79,1.218,1.3682
257.36,314.56,2.9209,2.2249,20.258,215.79,1.2222,1.3819
254.45,312.15,3.5783,3.0498,20.781,210.26,1.2268,1.3167
253.6,311.1,3.7967,3.6674,20.708,210.26,1.2267,1.3319
254.17,311.39,3.938,4.1885,19.515,205,1.2251,1.3852
252.45,308.92,4.3995,4.5967,19.058,205,1.2237,1.3731
249.4,306.11,5.0405,5.5599,20.986,205,1.2274,1.388
248.89,305.51,5.3879,5.7726,19.406,200,1.2275,1.4446
248.23,304.6,5.9565,6.212,18.603,200,1.2271,1.4494
244.16,300.78,6.4682,6.6382,20.003,200,1.2319,1.4521
241.01,296.63,6.6347,6.6903,19.042,200,1.2307,1.3952
239.77,296.8,7.2099,7.2667,17.756,200,1.2379,1.4554
237.64,294.21,8.5374,8.7164,17.563,195.24,1.238,1.5578
235.3,291.63,9.2805,9.4651,17.343,195.24,1.2394,1.6643
232.99,289.45,9.557,9.698,16.765,195.24,1.2423,1.8458
228.14,284.6,9.8386,9.8731,16.956,195.24,1.2475,1.8784
222.09,277.76,10.401,10.53,17.075,200,1.2507,2.0676
219.75,275.79,10.625,10.623,16.948,195.24,1.255,2.158
216.96,273.44,10.368,10.239,17.653,200,1.2603,2.3268
214.8,271.45,9.8066,9.7718,17.291,200,1.2638,2.3223
210.27,266.7,9.1921,9.0925,17.326,200,1.2684,2.0153
207.22,263.72,8.5697,8.4378,16.567,205,1.2727,2.3213
205.71,262.67,66.274,23.312,15.752,205,1.2769,2.2624
203.33,259.15,65.345,22.547,15.012,210.26,1.2745,2.3108
198.94,255.5,64.386,21.795,14.417,210.26,1.2843,2.3477
197.49,253.84,63.41,20.744,14.663,215.79,1.2854,2.3418
0,194.75,62.538,19.898,14.888,215.79,0,0
191.99,248.41,61.702,19.051,14.031,221.62,1.2939,2.3308
187.6,243.52,60.83,17.982,14.271,221.62,1.2981,2.4001
188.2,245.18,59.931,17.027,14.014,227.78,1.3027,2.3285
185.79,242.13,59.147,16.187,13.485,234.29,1.3033,2.3351
183.98,240.57,58.318,15.219,13.421,234.29,1.3076,2.3307
183.06,239.61,5.847,5.88,13.973,241.18,1.3089,2.3338
179.7,236.2,5.7014,5.6724,14.325,241.18,1.3144,2.337
177.52,233.92,5.5918,5.678,14.935,241.18,1.3177,2.3354
175.77,232.39,5.0656,5.1547,14.967,248.48,1.3221,2.3553
174.22,230.37,4.5943,4.7516,14.856,248.48,1.3223,2.3555
172.38,229.26,3.9983,4.127,14.617,256.25,1.33,2.3635
173.41,229.68,3.1025,3.2894,14.206,256.25,1.3245,2.3617
172.14,227.91,2.3123,2.4796,12.909,264.52,1.324,2.3846
171.14,227.19,1.6669,1.879,12.561,264.52,1.3275,2.3581
170.9,227.27,1.2,1.331,12.771,273.33,1.3298,2.3613
170.11,225.83,0.99503,1.0918,12.642,273.33,1.3275,2.3818
171.97,228.49,1.2103,1.2624,12.019,273.33,1.3287,2.3617
172.69,227.72,1.5879,1.5891,11.914,282.76,1.3187,2.3758
172.12,228.18,2.5308,2.546,11.464,282.76,1.3257,2.3833
172.88,228.23,3.6374,3.7848,11.729,292.86,1.3202,2.3592
174.15,230.29,4.8995,5.1625,12.144,292.86,1.3224,2.3898
175.55,231.44,5.8374,6.2234,12.924,292.86,1.3183,2.3773
178.63,234.59,56.523,14.751,13.685,303.7,1.3133,2.3638
181.74,238.18,57.42,16.085,14.436,303.7,1.3105,2.3697
185.39,241.84,58.324,17.223,14.518,315.38,1.3045,2.366
187.82,244.76,59.333,18.237,14.796,341.67,1.3032,2.3563
0,191.28,60.457,19.357,14.075,328,0,0
193.59,250.26,61.616,20.405,14.178,341.67,1.2927,2.3254
195.25,252.22,62.636,21.319,14.732,341.67,1.2918,2.3851
199.25,255.11,63.636,22.124,15.695,341.67,1.2803,2.3356
203.89,259.58,64.663,23.09,16.554,356.52,1.2732,2.3196
207.59,263.36,65.668,23.943,16.442,341.67,1.2686,2.1528
208.82,265.77,9.7981,9.9436,15.964,683.33,1.2727,2.2205
211.77,267.86,10.855,10.93,15.933,356.52,1.2648,2.0938
215.59,272.46,11.535,11.711,16.274,356.52,1.2638,2.0311
218.44,274.8,11.945,12.084,16.741,683.33,1.258,1.9106
222.83,280.04,12.391,12.459,16.95,341.67,1.2568,1.9252
230.81,286.76,13.124,13.166,16.796,356.52,1.2424,1.9229
235.02,291.35,12.36,12.253,16.432,341.67,1.2397,1.7933
237.64,294.26,11.664,10.745,16.508,356.52,1.2382,1.5316
240.93,297.65,10.723,9.3748,16.849,356.52,1.2354,1.4843
246.52,303.59,10.353,9.5854,17.735,372.73,1.2315,1.4107
243.19,297.83,9.0234,7.6817,17.815,356.52,1.2247,1.3592
248.31,298.21,9.578,6.7953,17.893,356.52,1.2009,1.3391
250.27,301.15,9.1129,6.1449,17.665,356.52,1.2033,1.3628
258.62,315.26,8.2874,5.4465,17.521,356.52,1.219,1.3211
256.48,301.63,7.3792,5.3384,17.558,356.52,1.176,1.3554
264.88,307.15,6.9488,5.3514,17.339,356.52,1.1596,1.3222
260.93,306.98,7.0399,6.721,17.567,341.67,1.1765,1.3583
260.56,303.69,5.8471,7.2654,18.331,341.67,1.1655,1.364
260.71,309.23,82.916,10.256,18.592,356.52,1.1861,1.3808
261.3,306.1,84.331,12.971,18.362,341.67,1.1715,1.3801
273.25,320.46,112.56,13.525,19.02,341.67,1.1728,1.358
259.51,321.05,128.94,14.167,18.708,341.67,1.2372,1.4421
0,285.57,138.26,14.314,17.968,341.67,0,0
288.02,333.35,141.78,14.338,17.153,341.67,1.1574,1.327
0,295.44,147.13,15.96,16.885,341.67,0,0
0,295.62,146.19,15.931,17.469,341.67,0,0
0,301.31,138.2,15.45,17.84,341.67,0,0
0,302.89,125.7,14.784,17.959,341.67,0,0
307.83,329.16,132.19,13.009,17.673,341.67,1.0693,1.1529
0,308.1,137.13,19.895,17.544,341.67,0,0
0,309.7,137.13,18.93,17.294,341.67,0,0
0,308.16,137.13,17.665,17.182,341.67,0,0
211.52,317.68,151.94,18.629,16.841,328,1.5019,1.6907
315.26,361.7,151.94,17.563,16.731,328,1.1473,1.2697
0,317.15,139.28,17.609,16.866,341.67,0,0
0,314.5,139.28,17.698,16.826,341.67,0,0
319.5,344.37,139.28,17.339,17.377,328,1.0779,1.1351
0,317.49,139.28,16.833,17.645,328,0,0
0,313.97,133.82,16.923,17.335,328,0,0
0,307.07,101.03,9.811,16.707,315.38,0,0
0,316.36,101.03,9.9725,16.506,328,0,0
0,315.74,101.03,10.072,16.579,328,0,0
0,315.39,0,2.9842,16.569,315.38,0,0
0,315.19,0,2.7343,16.682,315.38,0,0
0,312.1,0,3.0381,16.371,315.38,0,0
0,312.12,0,2.7446,15.906,315.38,0,0
0,314.9,0,2.9143,16.547,315.38,0,0
0,312.96,0,3.8317,17.423,315.38,0,0
0,309.33,0,3.7035,17.68,315.38,0,0
0,308.48,0,3.5921,17.339,315.38,0,0
0,308.27,0,3.5172,16.637,303.7,0,0
0,303.41,0,3.6099,16.443,303.7,0,0
0,307.31,0,2.8309,17.263,303.7,0,0
0,305.39,0,1.998,17.955,303.7,0,0
0,307.26,0,2.39,17.832,303.7,0,0
0,304.22,0,4.1867,17.781,303.7,0,0
0,304.94,0,4.3847,18.265,303.7,0,0
0,305.34,0,5.1701,19.291,303.7,0,0
0,300.79,0,5.2443,19.757,292.86,0,0
0,293.87,92.167,12.979,19.726,292.86,0,0
0,297.4,92.167,13.257,19.866,303.7,0,0
0,294.27,92.167,13.556,19.797,292.86,0,0
0,295.05,92.167,14.026,19.402,292.86,0,0
291.46,338.23,92.167,14.341,19.4,292.86,1.1605,1.3286
0,294.58,92.167,14.565,19.399,292.86,0,0
0,293.64,92.167,15.017,19.299,292.86,0,0
0,289.55,122.39,19.138,18.915,292.86,0,0
0,288.71,138.88,20.437,18.672,292.86,0,0
0,289.97,138.88,21.143,19.131,282.76,0,0
0,285.67,137.04,19.11,18.323,292.86,0,0
289.07,334.15,145.62,19.841,19.125,282.76,1.156,1.3151
281.89,324.74,147.59,20.168,19.313,282.76,1.152,1.3315
0,284.87,143.15,19.327,19.48,282.76,0,0
280.01,326.1,133.43,18.033,19.974,282.76,1.1646,1.3392
276.73,320.35,115.81,16.395,20.45,282.76,1.1576,1.3431
271.88,320.95,86.981,13.134,20.536,273.33,1.1805,1.3677
261.75,313.15,86.196,11.61,20.889,273.33,1.1964,1.402
269.38,315.34,85.476,11.142,21.066,273.33,1.1706,1.3582
260.2,310.73,6.4541,5.5125,20.938,273.33,1.1942,1.3982
271.83,316.18,6.256,5.559,20.863,273.33,1.1632,1.3415
271.54,315.71,5.3916,5.1488,20.132,273.33,1.1627,1.337
262.46,309.84,5.1095,4.3258,19.855,273.33,1.1805,1.3735
268.48,308.6,5.1146,4.4873,19.643,264.52,1.1494,1.3339
257.62,302.76,4.8429,4.112,19.606,264.52,1.1752,1.3802
262.71,308.54,5.0802,4.3561,18.897,264.52,1.1745,1.3612
261.08,307.1,4.2752,3.5821,18.067,264.52,1.1763,1.3653
261.67,305.94,3.0524,2.4807,16.84,256.25,1.1692,1.3598
264.21,310.91,3.0616,2.3568,17.743,264.52,1.1767,1.3566
258.06,304.8,2.4747,2.5612,17.972,256.25,1.1811,1.3729
262.09,307.02,2.6406,2.5079,17.724,256.25,1.1714,1.3558
262.8,309.36,2.5878,2.4373,17.556,256.25,1.1771,1.3589
262.92,308.14,3.2505,2.9468,18.136,256.25,1.172,1.3485
257.37,303.7,3.2099,2.9757,18.75,256.25,1.18,1.3674
256.63,303.07,3.2778,2.9842,18.068,248.48,1.181,1.3676
261.78,306.79,3.286,2.9826,17.869,248.48,1.172,1.3378
254.61,301.38,3.1478,2.9207,18.174,248.48,1.1837,1.3721
260.07,307.45,3.0866,2.7245,17.833,248.48,1.1822,1.351
254.52,300.54,2.4759,2.5958,18.632,248.48,1.1808,1.3685
257.84,304.91,2.4989,3.4126,18.759,241.18,1.1825,1.3592
257.17,304.53,2.7298,3.4413,18.444,241.18,1.1842,1.3558
253.82,300.96,2.4413,3.4688,17.58,241.18,1.1857,1.3632
257.2,307.28,2.8496,3.1864,17.457,241.18,1.1947,1.3342
255.97,311.12,2.5592,3.166,17.923,241.18,1.2155,1.3415
253.5,307.38,3.1606,3.4354,18.153,241.18,1.2125,1.3394
251.89,307.28,3.602,3.6875,18.154,234.29,1.2199,1.361
250.99,305.56,3.5455,3.7299,18.093,234.29,1.2174,1.3799
251.24,307.08,3.8442,3.5994,17.829,234.29,1.2223,1.3296
248.54,299.14,3.5802,3.7064,18.055,227.78,1.2036,1.3356
246.3,301.3,3.5226,3.5052,18.889,227.78,1.2233,1.3609
247.57,303.33,3.3655,3.2751,18.271,227.78,1.2252,1.3658
246.21,302.18,3.6195,3.3249,18.463,221.62,1.2273,1.3799
244.88,301.28,3.5011,3.0846,19.528,227.78,1.2303,1.376
242.36,297.63,3.1437,2.3355,19.522,221.62,1.228,1.358
243.08,300.34,3.13,2.6338,19.376,221.62,1.2356,1.3481
240.19,296.39,3.521,3.1696,19.517,215.79,1.234,1.3845
241.06,298.57,3.3753,3.1399,19.794,221.62,1.2386,1.3701
239.76,296.96,3.3859,3.256,20.359,221.62,1.2386,1.4452
238.53,295.87,3.6344,3.4378,20.797,215.79,1.2404,1.5213
236.34,293.2,3.9998,4.1067,20.644,215.79,1.2406,1.6617
236.06,292.95,5.0349,5.195,20.292,215.79,1.241,1.8101
234.23,291.19,5.5709,5.9694,20.747,215.79,1.2432,1.9427
231.91,289.49,5.8319,6.1829,20.945,210.26,1.2483,1.7508
231,287.42,5.6848,6.0708,20.477,210.26,1.2443,1.7233
224.9,281.43,5.7825,6.0301,20.414,390.48,1.2513,2.0694
225.64,281.58,5.6614,5.9059,19.827,210.26,1.2479,1.9271
223.55,280.05,5.2594,5.4449,19.253,210.26,1.2527,1.9471
224.02,280.12,4.7536,4.9521,19.16,210.26,1.2504,1.9165
220.33,277.15,4.3136,4.2612,18.995,205,1.2579,2.1055
220.45,276.9,3.6914,3.5619,18.15,205,1.2561,1.9458
218.96,275.71,3.9119,3.8179,17.608,390.48,1.2592,2.0652
217.93,273.98,3.9393,3.8946,17.077,372.73,1.2572,1.8669
216.65,273.14,4.1801,4.145,15.805,372.73,1.2607,1.9057
214.85,271.6,3.7994,3.7769,15.506,200,1.2641,1.9538
214.08,270.26,3.955,3.9483,15.892,200,1.2624,1.9522
212.16,268.83,4.4202,4.4191,15.825,200,1.2671,1.9207
210.4,266.81,4.8444,4.8528,16.85,200,1.2681,1.952
210.66,267.64,5.1866,5.3645,15.602,195.24,1.2704,1.9928
208.87,265.06,5.0687,5.2701,15.885,195.24,1.269,1.9932
204.75,261.25,5.0928,5.2612,16.074,195.24,1.276,1.8259
203.09,259.29,4.9764,5.2553,15.754,190.7,1.2768,1.9959
201.24,257.12,4.9609,5.0741,15.763,190.7,1.2777,1.8167
201.97,258.17,4.9427,5.056,15.447,186.36,1.2783,2.075
199.92,256.11,4.3091,4.1829,15.134,190.7,1.281,1.994
198.46,254.28,3.8657,3.8192,14.859,186.36,1.2813,2.2959
196.68,253.68,4.0608,4.0847,15.379,186.36,1.2898,2.3387
195.42,251.67,4.0123,4.0011,15.802,182.22,1.2878,2.3423
195.52,252.5,62.041,19.494,15.442,182.22,1.2914,2.3225
192.71,248.74,61.619,19.041,15.753,186.36,1.2907,2.3885
190.81,246.55,61.205,18.641,15.889,178.26,1.2921,2.0289
191.19,247.69,81.264,24.897,15.678,182.22,1.2956,2.3807
0,191.62,80.756,24.361,15.417,182.22,0,0
190.53,247.08,80.311,23.915,15.441,174.47,1.2968,2.3554
188.21,245.12,79.821,23.346,15.059,683.33,1.3024,2.371
0,189.29,91.191,27.235,14.802,683.33,0,0
186.99,243.55,97.306,29.437,14.146,178.26,1.3025,2.355
187.06,243.25,96.596,28.755,13.677,178.26,1.3004,2.3417
186.49,242.93,90.038,27.141,13.14,174.47,1.3026,2.3584
0,185.95,95.878,29.342,12.271,174.47,0,0
0,185.55,97.578,30.204,11.923,170.83,0,0
182.86,239.5,94.946,29.6,12.128,170.83,1.3098,2.3721
182.19,238.53,94.041,28.718,12.32,683.33,1.3092,2.3483
0,181.45,92.83,27.591,11.744,683.33,0,0
0,180.29,91.508,26.228,10.844,164,0,0
177.07,233.94,85.288,24.68,10.749,164,1.3212,2.3532
176.28,232.59,74.187,22.015,12.045,170.83,1.3195,2.3606
172.81,229.41,73.387,21.173,11.086,160.78,1.3275,2.3636
171.23,227.01,72.533,20.231,10.697,157.69,1.3258,2.3831
172.26,228.48,54.275,15.419,12.036,157.69,1.3263,2.3578
170.61,226.73,3.9053,4.0115,12.594,160.78,1.329,2.3529
167.94,224.66,3.8059,3.819,12.492,157.69,1.3377,2.396
166.7,222.72,3.3858,3.5599,10.089,160.78,1.3361,2.3751
166.33,222.73,3.2358,3.3658,9.024,157.69,1.339,2.3845
166.72,223.07,3.1956,3.3354,7.633,157.69,1.338,2.3509
163.7,219.89,2.7064,2.7636,7.775,390.48,1.3433,2.3842
163.48,218.72,1.997,2.1075,7.779,745.45,1.3378,2.383
163.6,219.51,1.7916,1.6967,9.693,164,1.3417,2.3783
162.71,219.13,1.6864,1.8036,8.898,154.72,1.3468,2.3653
162.08,219.03,1.5504,1.7198,-200,683.33,1.3513,2.3717
164.31,220.48,1.0551,1.166,-200,146.43,1.3419,2.339
162.23,219.6,1.7048,1.6505,-200,683.33,1.3537,2.3485
161.87,217.09,2.5034,2.4414,-200,154.72,1.3411,2.3586
161.38,217.01,2.7205,2.9244,-200,154.72,1.3448,2.3325
161.29,217.9,3.2825,3.7559,-200,154.72,1.351,2.3434
158.16,214.84,3.7136,3.9279,-200,160.78,1.3584,2.3392
155.96,212.58,3.2631,3.4546,-200,248.48,1.363,2.3605
156.92,212.05,3.1173,2.9795,17.361,141.38,1.3513,2.3709
154.24,208.9,2.8865,2.9565,19.362,683.33,1.3544,2.3663
153.57,210.62,2.5663,2.6582,18.931,683.33,1.3715,2.3818
156.55,215.34,2.7028,2.9142,16.083,200,1.3756,2.32
161.02,213.42,2.7759,2.775,-200,178.26,1.3254,2.2905
155.74,210.37,3.3796,3.3049,-200,273.33,1.3508,2.3359
155.93,212.4,3.4033,3.2463,-200,200,1.3621,2.2996
150.93,205.52,3.6909,3.3019,-200,745.45,1.3617,2.3811
152.44,209,3.6974,3.3209,-200,200,1.371,2.3361
149.12,204.91,3.5699,3.2872,-200,195.24,1.3741,2.3669
151.56,209.65,2.3346,3.0218,-200,256.25,1.3832,2.2733
149.58,207.86,2.0577,4.3688,-200,264.52,1.3897,2.3356
154.35,208.46,1.8126,5.2425,-200,273.33,1.3506,2.2518
152.64,215.16,1.8006,5.2455,-200,264.52,1.4096,2.2706
152.57,210.01,1.7799,5.4789,-200,210.26,1.3765,2.2733
153.09,219.26,1.6659,9.2894,-200,264.52,1.4323,2.2135
149.06,200.51,1.6725,10.473,-200,215.79,1.3451,2.3031
151.75,213.38,1.4721,10.556,-200,273.33,1.4061,2.223
151.21,204.83,2.4361,10.617,-200,264.52,1.3546,2.2688
153.49,234.14,2.4023,10.612,-200,273.33,1.5255,2.1118
151.35,228.21,2.3704,10.812,-200,273.33,1.5078,2.22
151.52,206.72,2.6816,11.402,-200,264.52,1.3643,2.3593
145.23,207.49,2.7772,17.23,0,264.52,1.4287,2.3811
152,214.74,2.7631,17.202,0,200,1.4127,2.3492
151.99,206.51,47.739,27.066,0,256.25,1.3587,2.268
146.29,199.87,47.491,37.662,0,210.26,1.3662,2.2833
153.26,255.56,47.537,43.751,0,264.52,1.6675,2.2626
151.26,214.73,47.454,48.117,0,210.26,1.4196,2.3011
0,151.15,63.437,55.803,0,273.33,0,0
146.21,295.86,72.546,61.619,0,264.52,2.0236,2.6434
152.52,288.26,71.491,63.232,0,200,1.89,1.9332
149.2,292.23,76.512,68.763,0,256.25,1.9586,2.2756
0,141.8,75.322,68.15,0,264.52,0,0
0,143.74,76.098,68.463,0,0,0,0
134.46,267.32,70.029,69.114,0,0,1.988,3.6497
0,137.95,68.787,66.382,0,0,0,0
139.31,243.48,67.977,63.474,0,0,1.7478,3.3991
159.1,238.9,69.542,60.089,0,0,1.5016,2.4148
124.51,309.94,62.114,60.943,0,0,2.4893,3.6691
124.62,256.3,49.111,50.416,0,0,2.0567,3.5602
142.48,237.26,53.133,54.249,0,0,1.6653,2.9633
165.57,252.61,21.8,38.144,0,0,1.5257,2.5488
158.18,327.66,21.305,36.273,0,0,2.0714,2.7778
170.17,261.34,21.249,35.775,0,0,1.5358,2.8857
195.75,316.95,18.715,35.138,0,0,1.6192,1.8946
148.77,326.24,16.949,34.64,0,0,2.1929,2.8205
157.94,280.11,15.003,32.759,0,0,1.7735,3.0279
154.27,242.94,16.426,32.432,0,0,1.5747,2.7987
166.33,254,17.068,32.811,0,0,1.5271,2.9317
190.09,288.14,17.2,32.159,0,0,1.5158,2.46
166.08,254.09,15.959,31.508,0,0,1.53,2.4798
188.74,310.72,14.166,38.558,0,0,1.6463,2.0753
190.32,330.26,13.869,38.934,0,0,1.7353,2.5446
180.48,308.15,56.762,49.424,0,0,1.7074,2.3596
158.07,308.47,57.618,51.833,0,0,1.9515,2.7495
177.17,205.49,56.712,51.348,0,0,1.1599,2.5937
160.66,260.82,74.833,55.219,0,0,1.6234,2.4767
0,176.85,75.221,51.971,0,0,0,0
189.54,219.07,74.441,47.637,0,0,1.1558,2.1099
148.24,254.08,75.896,43.724,0,0,1.714,2.9731
0,198.81,77.066,37.85,0,0,0,0
193.8,244.65,77.58,36.019,0,0,1.2623,2.5583
178.73,301.03,77.417,37.988,0,0,1.6842,2.6044
199.94,271.53,62.361,31.259,0,0,1.358,2.6013
185.21,255,65.553,30.587,0,0,1.3768,2.2826
186.57,245.76,70.734,33.015,0,0,1.3172,2.2623
151.37,283.88,16.965,22.619,0,0,1.8754,2.6395
